-- MySQL dump 10.13  Distrib 5.7.21, for Linux (x86_64)
--
-- Host: localhost    Database: test
-- ------------------------------------------------------
-- Server version	5.7.21-1

/*!40101 SET @OLD_CHARACTER_SET_CLIENT=@@CHARACTER_SET_CLIENT */;
/*!40101 SET @OLD_CHARACTER_SET_RESULTS=@@CHARACTER_SET_RESULTS */;
/*!40101 SET @OLD_COLLATION_CONNECTION=@@COLLATION_CONNECTION */;
/*!40101 SET NAMES utf8 */;
/*!40103 SET @OLD_TIME_ZONE=@@TIME_ZONE */;
/*!40103 SET TIME_ZONE='+00:00' */;
/*!40014 SET @OLD_UNIQUE_CHECKS=@@UNIQUE_CHECKS, UNIQUE_CHECKS=0 */;
/*!40014 SET @OLD_FOREIGN_KEY_CHECKS=@@FOREIGN_KEY_CHECKS, FOREIGN_KEY_CHECKS=0 */;
/*!40101 SET @OLD_SQL_MODE=@@SQL_MODE, SQL_MODE='NO_AUTO_VALUE_ON_ZERO' */;
/*!40111 SET @OLD_SQL_NOTES=@@SQL_NOTES, SQL_NOTES=0 */;

--
-- Table structure for table `brands`
--

DROP TABLE IF EXISTS `brands`;
/*!40101 SET @saved_cs_client     = @@character_set_client */;
/*!40101 SET character_set_client = utf8 */;
CREATE TABLE `brands` (
  `brand_id` tinyint(3) unsigned NOT NULL AUTO_INCREMENT,
  `brand_name` varchar(255) NOT NULL,
  `parent_id` tinyint(3) unsigned NOT NULL DEFAULT '0',
  PRIMARY KEY (`brand_id`)
) ENGINE=MyISAM AUTO_INCREMENT=16 DEFAULT CHARSET=utf8;
/*!40101 SET character_set_client = @saved_cs_client */;

--
-- Dumping data for table `brands`
--

LOCK TABLES `brands` WRITE;
/*!40000 ALTER TABLE `brands` DISABLE KEYS */;
INSERT INTO `brands` VALUES (1,'Alcatel',0),(2,'Ericsson',0),(3,'LG',0),(4,'Слайдеры',3),(5,'Сенсоры',3),(6,'Раскладушки',1),(7,'Моноблок',3),(8,'Samsung',0),(9,'Motorola',0),(10,'NEC',0),(11,'Nokia',0),(12,'Panasonic',0),(13,'2 SIM-карты',11),(14,'Моноблок',11);
/*!40000 ALTER TABLE `brands` ENABLE KEYS */;
UNLOCK TABLES;

--
-- Table structure for table `customers`
--

DROP TABLE IF EXISTS `customers`;
/*!40101 SET @saved_cs_client     = @@character_set_client */;
/*!40101 SET character_set_client = utf8 */;
CREATE TABLE `customers` (
  `customer_id` int(10) unsigned NOT NULL AUTO_INCREMENT,
  `name` varchar(255) NOT NULL,
  `email` varchar(255) NOT NULL,
  `phone` varchar(255) NOT NULL,
  `address` varchar(255) NOT NULL,
  `login` varchar(20) CHARACTER SET utf8 COLLATE utf8_bin NOT NULL,
  `password` varchar(32) NOT NULL,
  PRIMARY KEY (`customer_id`)
) ENGINE=MyISAM AUTO_INCREMENT=22 DEFAULT CHARSET=utf8;
/*!40101 SET character_set_client = @saved_cs_client */;

--
-- Dumping data for table `customers`
--

LOCK TABLES `customers` WRITE;
/*!40000 ALTER TABLE `customers` DISABLE KEYS */;
INSERT INTO `customers` VALUES (1,'Иванов Иван Иванович','1@1.com','111-111','city','user1','202cb962ac59075b964b07152d234b70'),(2,'Петров Петр Петрович','2@2.com','222-222','city 2','User1','202cb962ac59075b964b07152d234b70'),(3,'Сидоров Сидор Сидорович','3@3.com','333-333','city 3','user2','202cb962ac59075b964b07152d234b70'),(5,'Хакер','4@4.com','444-444','city 4','user3','202cb962ac59075b964b07152d234b70'),(6,'Пупкин Вася','5@5.ru','555-555','city 5','user4','202cb962ac59075b964b07152d234b70'),(12,'Гость 1','guest@mail.ru','111','Адрес гостя','',''),(13,'Гость 2','guest2@mail.ru','222','Адрес гостя 2','',''),(14,'Петечкин Петя','6@6.ru','666-666','city 6','user5','202cb962ac59075b964b07152d234b70'),(15,'Гость 3','guest3@mail.ru','333','Адрес гостя 3','',''),(20,'д\'Артаньян','mail@mail.ru','\\555\\ 555-55-55','город','O\"Railly','202cb962ac59075b964b07152d234b70'),(21,'д\'Артаньян','mail@mail.ru','\\555\\ 555-55-55','город','','');
/*!40000 ALTER TABLE `customers` ENABLE KEYS */;
UNLOCK TABLES;

--
-- Table structure for table `dostavka`
--

DROP TABLE IF EXISTS `dostavka`;
/*!40101 SET @saved_cs_client     = @@character_set_client */;
/*!40101 SET character_set_client = utf8 */;
CREATE TABLE `dostavka` (
  `dostavka_id` tinyint(3) unsigned NOT NULL AUTO_INCREMENT,
  `name` varchar(255) NOT NULL,
  PRIMARY KEY (`dostavka_id`)
) ENGINE=MyISAM AUTO_INCREMENT=5 DEFAULT CHARSET=utf8;
/*!40101 SET character_set_client = @saved_cs_client */;

--
-- Dumping data for table `dostavka`
--

LOCK TABLES `dostavka` WRITE;
/*!40000 ALTER TABLE `dostavka` DISABLE KEYS */;
INSERT INTO `dostavka` VALUES (1,'Пересылка по почте'),(2,'Курьером'),(3,'Самовывоз'),(4,'Другое, по согласованию с менеджером');
/*!40000 ALTER TABLE `dostavka` ENABLE KEYS */;
UNLOCK TABLES;

--
-- Table structure for table `goods`
--

DROP TABLE IF EXISTS `goods`;
/*!40101 SET @saved_cs_client     = @@character_set_client */;
/*!40101 SET character_set_client = utf8 */;
CREATE TABLE `goods` (
  `goods_id` int(10) unsigned NOT NULL AUTO_INCREMENT,
  `name` varchar(255) NOT NULL,
  `keywords` varchar(255) NOT NULL,
  `description` varchar(255) NOT NULL,
  `img` varchar(255) NOT NULL DEFAULT 'no_image.jpg',
  `goods_brandid` tinyint(3) unsigned NOT NULL,
  `anons` text NOT NULL,
  `content` text NOT NULL,
  `visible` enum('0','1') NOT NULL DEFAULT '1',
  `hits` enum('0','1') NOT NULL DEFAULT '0',
  `new` enum('0','1') NOT NULL DEFAULT '0',
  `sale` enum('0','1') NOT NULL DEFAULT '0',
  `price` float NOT NULL DEFAULT '0',
  `date` date NOT NULL,
  `img_slide` varchar(255) NOT NULL,
  PRIMARY KEY (`goods_id`),
  FULLTEXT KEY `name` (`name`)
) ENGINE=MyISAM AUTO_INCREMENT=36 DEFAULT CHARSET=utf8;
/*!40101 SET character_set_client = @saved_cs_client */;

--
-- Dumping data for table `goods`
--

LOCK TABLES `goods` WRITE;
/*!40000 ALTER TABLE `goods` DISABLE KEYS */;
INSERT INTO `goods` VALUES (1,'Alcatel OT890D','Ключевики','Описание','no_image.jpg',6,'<p>Футуристичный смартфон Sony Xperia S под управлением ОС Android 2.3 Gingerbread с возможностью обновления до версии 4.0 Ice Cream Sandwich – первый из серии Xperia NXT, линейки смартфонов нового поколения.</p> \r\n\r\n<p>В нем объединились новейшие технологии и лучшие разработки Sony, достойный функционал и минималистичный дизайн.</p>','<p>Футуристичный смартфон Sony Xperia S под управлением ОС Android 2.3 Gingerbread с возможностью обновления до версии 4.0 Ice Cream Sandwich – первый из серии Xperia NXT, линейки смартфонов нового поколения. В нем объединились новейшие технологии и лучшие разработки Sony, достойный функционал и минималистичный дизайн.</p> \r\n\r\n<p>Высокая производительность. Мощный двухъядерный процессор 1,5 ГГц Qualcomm Snapdragon MSM8260 гарантирует быстродействие любых игр и приложений.\r\nПревосходное качество изображения. 4,3-дюймовый HD 1280*720p экран Reality Display с технологией Mobile BRAVIA Engine обеспечивает потрясающие впечатления от просмотра изображений и видео с высоким разрешением.</p>\r\n\r\n<p>Удобство подключения к другим устройствам. Беспроводная связь на малых расстояниях (NFC) позволяет легко обмениваться информацией с другими пользователями и открывает доступ к многочисленным NFC-приложениям и услугам. Xperia S можно подключить к телевизору посредством Wi-Fi, DLNA, HDMI, а также использовать BRAVIA Sync для управления смартфоном с пульта ДУ телевизора.</p>','1','1','0','0',5000,'2012-09-02',''),(2,'Sony Xperia Acro S LT26W Black','Ключевики','Описание','phone-index.jpg',2,'<p>Футуристичный смартфон Sony Xperia Acro S LT26W Black под управлением ОС Android 2.3 Gingerbread с возможностью обновления до версии 4.0 Ice Cream Sandwich – первый из серии Xperia NXT, линейки смартфонов нового поколения.</p> \r\n\r\n<p>В нем объединились новейшие технологии и лучшие разработки Sony, достойный функционал и минималистичный дизайн.</p>','<p>Футуристичный смартфон Sony Xperia S под управлением ОС Android 2.3 Gingerbread с возможностью обновления до версии 4.0 Ice Cream Sandwich – первый из серии Xperia NXT, линейки смартфонов нового поколения. В нем объединились новейшие технологии и лучшие разработки Sony, достойный функционал и минималистичный дизайн.</p> \r\n\r\n<p>Высокая производительность. Мощный двухъядерный процессор 1,5 ГГц Qualcomm Snapdragon MSM8260 гарантирует быстродействие любых игр и приложений.\r\nПревосходное качество изображения. 4,3-дюймовый HD 1280*720p экран Reality Display с технологией Mobile BRAVIA Engine обеспечивает потрясающие впечатления от просмотра изображений и видео с высоким разрешением.</p>\r\n\r\n<p>Удобство подключения к другим устройствам. Беспроводная связь на малых расстояниях (NFC) позволяет легко обмениваться информацией с другими пользователями и открывает доступ к многочисленным NFC-приложениям и услугам. Xperia S можно подключить к телевизору посредством Wi-Fi, DLNA, HDMI, а также использовать BRAVIA Sync для управления смартфоном с пульта ДУ телевизора.</p>\r\n				\r\n				\r\n<div class=\"tech-harakt\">\r\n					<h3>Технические характеристики</h3>\r\n\r\n<h4>Связь</h4>\r\n<ul>\r\n<li> - 3G  : Есть </li>\r\n<li> - EDGE  : Есть </li>\r\n<li> - Wi-Fi  : Есть (802.11 b/g/n)</li> \r\n</ul>\r\n\r\n<h4>Дисплей</h4>\r\n<ul>\r\n<li> - Тип дисплея  : TFT с LED подсветкой</li> \r\n<li> - Разрешение дисплея (пикс)  : 1280x720</li> \r\n<li> - Диагональ дисплея (дюйм)  : 4.3 </li>\r\n<li> - Сенсорный экран  : Есть </li>\r\n</ul>\r\n\r\n<h4>Система</h4>\r\n<ul>\r\n<li> - GPS-навигация  : Есть </li>\r\n<li> - Операционная система  : Android v2.3 </li>\r\n<li> - Частота проц. (МГц) : 1500 (Dual-core Qualcomm MSM8260 Snapdragon) </li>\r\n</ul>\r\n\r\n<h4>Мультимедиа</h4>\r\n<ul>\r\n<li> - Фотокамера : 12,1 Mпикс </li>\r\n<li> - Аудиоплеер : да </li>\r\n<li> - FM - радио : да </li>\r\n</ul>\r\n\r\n<h4>Корпус</h4>\r\n<ul>\r\n<li> - Тип корпуса : Классический </li>\r\n</ul>\r\n\r\n<h4>Память</h4>\r\n<ul>\r\n<li> - Встроенная память (Мб) : 32000</li>\r\n</ul>\r\n</div>','1','0','1','0',10000,'2012-09-02','2_1.jpg|2_2.jpg|2_3.jpg|2_4.jpg|2_5.jpg|2_6.jpg|2_7.jpg'),(3,'LG Optimus L5 dual sim E615 White','Ключевики','Описание','phone-index.jpg',7,'<p>Футуристичный смартфон Sony Xperia S под управлением ОС Android 2.3 Gingerbread с возможностью обновления до версии 4.0 Ice Cream Sandwich – первый из серии Xperia NXT, линейки смартфонов нового поколения.</p> \r\n\r\n<p>В нем объединились новейшие технологии и лучшие разработки Sony, достойный функционал и минималистичный дизайн.</p>','<p>Футуристичный смартфон Sony Xperia S под управлением ОС Android 2.3 Gingerbread с возможностью обновления до версии 4.0 Ice Cream Sandwich – первый из серии Xperia NXT, линейки смартфонов нового поколения. В нем объединились новейшие технологии и лучшие разработки Sony, достойный функционал и минималистичный дизайн.</p> \r\n\r\n<p>Высокая производительность. Мощный двухъядерный процессор 1,5 ГГц Qualcomm Snapdragon MSM8260 гарантирует быстродействие любых игр и приложений.\r\nПревосходное качество изображения. 4,3-дюймовый HD 1280*720p экран Reality Display с технологией Mobile BRAVIA Engine обеспечивает потрясающие впечатления от просмотра изображений и видео с высоким разрешением.</p>\r\n\r\n<p>Удобство подключения к другим устройствам. Беспроводная связь на малых расстояниях (NFC) позволяет легко обмениваться информацией с другими пользователями и открывает доступ к многочисленным NFC-приложениям и услугам. Xperia S можно подключить к телевизору посредством Wi-Fi, DLNA, HDMI, а также использовать BRAVIA Sync для управления смартфоном с пульта ДУ телевизора.</p>\r\n				\r\n				\r\n<div class=\"tech-harakt\">\r\n					<h3>Технические характеристики</h3>\r\n\r\n<h4>Связь</h4>\r\n<ul>\r\n<li> - 3G  : Есть </li>\r\n<li> - EDGE  : Есть </li>\r\n<li> - Wi-Fi  : Есть (802.11 b/g/n)</li> \r\n</ul>\r\n\r\n<h4>Дисплей</h4>\r\n<ul>\r\n<li> - Тип дисплея  : TFT с LED подсветкой</li> \r\n<li> - Разрешение дисплея (пикс)  : 1280x720</li> \r\n<li> - Диагональ дисплея (дюйм)  : 4.3 </li>\r\n<li> - Сенсорный экран  : Есть </li>\r\n</ul>\r\n\r\n<h4>Система</h4>\r\n<ul>\r\n<li> - GPS-навигация  : Есть </li>\r\n<li> - Операционная система  : Android v2.3 </li>\r\n<li> - Частота проц. (МГц) : 1500 (Dual-core Qualcomm MSM8260 Snapdragon) </li>\r\n</ul>\r\n\r\n<h4>Мультимедиа</h4>\r\n<ul>\r\n<li> - Фотокамера : 12,1 Mпикс </li>\r\n<li> - Аудиоплеер : да </li>\r\n<li> - FM - радио : да </li>\r\n</ul>\r\n\r\n<h4>Корпус</h4>\r\n<ul>\r\n<li> - Тип корпуса : Классический </li>\r\n</ul>\r\n\r\n<h4>Память</h4>\r\n<ul>\r\n<li> - Встроенная память (Мб) : 32000</li>\r\n</ul>\r\n</div>','1','0','0','0',12000,'2012-09-02',''),(4,'LG Optimus L5 E612 Black','Ключевики','Описание','phone-index.jpg',7,'<p>Футуристичный смартфон Sony Xperia S под управлением ОС Android 2.3 Gingerbread с возможностью обновления до версии 4.0 Ice Cream Sandwich – первый из серии Xperia NXT, линейки смартфонов нового поколения.</p> \r\n\r\n<p>В нем объединились новейшие технологии и лучшие разработки Sony, достойный функционал и минималистичный дизайн.</p>','<p>Футуристичный смартфон Sony Xperia S под управлением ОС Android 2.3 Gingerbread с возможностью обновления до версии 4.0 Ice Cream Sandwich – первый из серии Xperia NXT, линейки смартфонов нового поколения. В нем объединились новейшие технологии и лучшие разработки Sony, достойный функционал и минималистичный дизайн.</p> \r\n\r\n<p>Высокая производительность. Мощный двухъядерный процессор 1,5 ГГц Qualcomm Snapdragon MSM8260 гарантирует быстродействие любых игр и приложений.\r\nПревосходное качество изображения. 4,3-дюймовый HD 1280*720p экран Reality Display с технологией Mobile BRAVIA Engine обеспечивает потрясающие впечатления от просмотра изображений и видео с высоким разрешением.</p>\r\n\r\n<p>Удобство подключения к другим устройствам. Беспроводная связь на малых расстояниях (NFC) позволяет легко обмениваться информацией с другими пользователями и открывает доступ к многочисленным NFC-приложениям и услугам. Xperia S можно подключить к телевизору посредством Wi-Fi, DLNA, HDMI, а также использовать BRAVIA Sync для управления смартфоном с пульта ДУ телевизора.</p>\r\n				\r\n				\r\n<div class=\"tech-harakt\">\r\n					<h3>Технические характеристики</h3>\r\n\r\n<h4>Связь</h4>\r\n<ul>\r\n<li> - 3G  : Есть </li>\r\n<li> - EDGE  : Есть </li>\r\n<li> - Wi-Fi  : Есть (802.11 b/g/n)</li> \r\n</ul>\r\n\r\n<h4>Дисплей</h4>\r\n<ul>\r\n<li> - Тип дисплея  : TFT с LED подсветкой</li> \r\n<li> - Разрешение дисплея (пикс)  : 1280x720</li> \r\n<li> - Диагональ дисплея (дюйм)  : 4.3 </li>\r\n<li> - Сенсорный экран  : Есть </li>\r\n</ul>\r\n\r\n<h4>Система</h4>\r\n<ul>\r\n<li> - GPS-навигация  : Есть </li>\r\n<li> - Операционная система  : Android v2.3 </li>\r\n<li> - Частота проц. (МГц) : 1500 (Dual-core Qualcomm MSM8260 Snapdragon) </li>\r\n</ul>\r\n\r\n<h4>Мультимедиа</h4>\r\n<ul>\r\n<li> - Фотокамера : 12,1 Mпикс </li>\r\n<li> - Аудиоплеер : да </li>\r\n<li> - FM - радио : да </li>\r\n</ul>\r\n\r\n<h4>Корпус</h4>\r\n<ul>\r\n<li> - Тип корпуса : Классический </li>\r\n</ul>\r\n\r\n<h4>Память</h4>\r\n<ul>\r\n<li> - Встроенная память (Мб) : 32000</li>\r\n</ul>\r\n</div>','1','0','1','0',13100,'2012-09-02',''),(5,'LG P920 Optimus 3D','Ключевики','Описание','phone-index.jpg',7,'<p>Футуристичный смартфон Sony Xperia S под управлением ОС Android 2.3 Gingerbread с возможностью обновления до версии 4.0 Ice Cream Sandwich – первый из серии Xperia NXT, линейки смартфонов нового поколения.</p> \r\n\r\n<p>В нем объединились новейшие технологии и лучшие разработки Sony, достойный функционал и минималистичный дизайн.</p>','<p>Футуристичный смартфон Sony Xperia S под управлением ОС Android 2.3 Gingerbread с возможностью обновления до версии 4.0 Ice Cream Sandwich – первый из серии Xperia NXT, линейки смартфонов нового поколения. В нем объединились новейшие технологии и лучшие разработки Sony, достойный функционал и минималистичный дизайн.</p> \r\n\r\n<p>Высокая производительность. Мощный двухъядерный процессор 1,5 ГГц Qualcomm Snapdragon MSM8260 гарантирует быстродействие любых игр и приложений.\r\nПревосходное качество изображения. 4,3-дюймовый HD 1280*720p экран Reality Display с технологией Mobile BRAVIA Engine обеспечивает потрясающие впечатления от просмотра изображений и видео с высоким разрешением.</p>\r\n\r\n<p>Удобство подключения к другим устройствам. Беспроводная связь на малых расстояниях (NFC) позволяет легко обмениваться информацией с другими пользователями и открывает доступ к многочисленным NFC-приложениям и услугам. Xperia S можно подключить к телевизору посредством Wi-Fi, DLNA, HDMI, а также использовать BRAVIA Sync для управления смартфоном с пульта ДУ телевизора.</p>\r\n				\r\n				\r\n<div class=\"tech-harakt\">\r\n					<h3>Технические характеристики</h3>\r\n\r\n<h4>Связь</h4>\r\n<ul>\r\n<li> - 3G  : Есть </li>\r\n<li> - EDGE  : Есть </li>\r\n<li> - Wi-Fi  : Есть (802.11 b/g/n)</li> \r\n</ul>\r\n\r\n<h4>Дисплей</h4>\r\n<ul>\r\n<li> - Тип дисплея  : TFT с LED подсветкой</li> \r\n<li> - Разрешение дисплея (пикс)  : 1280x720</li> \r\n<li> - Диагональ дисплея (дюйм)  : 4.3 </li>\r\n<li> - Сенсорный экран  : Есть </li>\r\n</ul>\r\n\r\n<h4>Система</h4>\r\n<ul>\r\n<li> - GPS-навигация  : Есть </li>\r\n<li> - Операционная система  : Android v2.3 </li>\r\n<li> - Частота проц. (МГц) : 1500 (Dual-core Qualcomm MSM8260 Snapdragon) </li>\r\n</ul>\r\n\r\n<h4>Мультимедиа</h4>\r\n<ul>\r\n<li> - Фотокамера : 12,1 Mпикс </li>\r\n<li> - Аудиоплеер : да </li>\r\n<li> - FM - радио : да </li>\r\n</ul>\r\n\r\n<h4>Корпус</h4>\r\n<ul>\r\n<li> - Тип корпуса : Классический </li>\r\n</ul>\r\n\r\n<h4>Память</h4>\r\n<ul>\r\n<li> - Встроенная память (Мб) : 32000</li>\r\n</ul>\r\n</div>','1','0','0','0',15000,'2012-09-02',''),(6,'Sony Xperia 32Gb (золотой)','Ключевики','Описание','phone-index.jpg',2,'<p>Футуристичный смартфон Sony Xperia S под управлением ОС Android 2.3 Gingerbread с возможностью обновления до версии 4.0 Ice Cream Sandwich – первый из серии Xperia NXT, линейки смартфонов нового поколения.</p> \r\n\r\n<p>В нем объединились новейшие технологии и лучшие разработки Sony, достойный функционал и минималистичный дизайн.</p>','<p>Футуристичный смартфон Sony Xperia S под управлением ОС Android 2.3 Gingerbread с возможностью обновления до версии 4.0 Ice Cream Sandwich – первый из серии Xperia NXT, линейки смартфонов нового поколения. В нем объединились новейшие технологии и лучшие разработки Sony, достойный функционал и минималистичный дизайн.</p> \r\n\r\n<p>Высокая производительность. Мощный двухъядерный процессор 1,5 ГГц Qualcomm Snapdragon MSM8260 гарантирует быстродействие любых игр и приложений.\r\nПревосходное качество изображения. 4,3-дюймовый HD 1280*720p экран Reality Display с технологией Mobile BRAVIA Engine обеспечивает потрясающие впечатления от просмотра изображений и видео с высоким разрешением.</p>\r\n\r\n<p>Удобство подключения к другим устройствам. Беспроводная связь на малых расстояниях (NFC) позволяет легко обмениваться информацией с другими пользователями и открывает доступ к многочисленным NFC-приложениям и услугам. Xperia S можно подключить к телевизору посредством Wi-Fi, DLNA, HDMI, а также использовать BRAVIA Sync для управления смартфоном с пульта ДУ телевизора.</p>\r\n				\r\n				\r\n<div class=\"tech-harakt\">\r\n					<h3>Технические характеристики</h3>\r\n\r\n<h4>Связь</h4>\r\n<ul>\r\n<li> - 3G  : Есть </li>\r\n<li> - EDGE  : Есть </li>\r\n<li> - Wi-Fi  : Есть (802.11 b/g/n)</li> \r\n</ul>\r\n\r\n<h4>Дисплей</h4>\r\n<ul>\r\n<li> - Тип дисплея  : TFT с LED подсветкой</li> \r\n<li> - Разрешение дисплея (пикс)  : 1280x720</li> \r\n<li> - Диагональ дисплея (дюйм)  : 4.3 </li>\r\n<li> - Сенсорный экран  : Есть </li>\r\n</ul>\r\n\r\n<h4>Система</h4>\r\n<ul>\r\n<li> - GPS-навигация  : Есть </li>\r\n<li> - Операционная система  : Android v2.3 </li>\r\n<li> - Частота проц. (МГц) : 1500 (Dual-core Qualcomm MSM8260 Snapdragon) </li>\r\n</ul>\r\n\r\n<h4>Мультимедиа</h4>\r\n<ul>\r\n<li> - Фотокамера : 12,1 Mпикс </li>\r\n<li> - Аудиоплеер : да </li>\r\n<li> - FM - радио : да </li>\r\n</ul>\r\n\r\n<h4>Корпус</h4>\r\n<ul>\r\n<li> - Тип корпуса : Классический </li>\r\n</ul>\r\n\r\n<h4>Память</h4>\r\n<ul>\r\n<li> - Встроенная память (Мб) : 32000</li>\r\n</ul>\r\n</div>','0','0','0','0',20000,'2012-09-02',''),(7,'LG Optimus 4X HD P880','Ключевики','Описание','phone-index.jpg',4,'<p>Футуристичный смартфон Sony Xperia S под управлением ОС Android 2.3 Gingerbread с возможностью обновления до версии 4.0 Ice Cream Sandwich – первый из серии Xperia NXT, линейки смартфонов нового поколения.</p> \r\n\r\n<p>В нем объединились новейшие технологии и лучшие разработки Sony, достойный функционал и минималистичный дизайн.</p>','<p>Футуристичный смартфон Sony Xperia S под управлением ОС Android 2.3 Gingerbread с возможностью обновления до версии 4.0 Ice Cream Sandwich – первый из серии Xperia NXT, линейки смартфонов нового поколения. В нем объединились новейшие технологии и лучшие разработки Sony, достойный функционал и минималистичный дизайн.</p> \r\n\r\n<p>Высокая производительность. Мощный двухъядерный процессор 1,5 ГГц Qualcomm Snapdragon MSM8260 гарантирует быстродействие любых игр и приложений.\r\nПревосходное качество изображения. 4,3-дюймовый HD 1280*720p экран Reality Display с технологией Mobile BRAVIA Engine обеспечивает потрясающие впечатления от просмотра изображений и видео с высоким разрешением.</p>\r\n\r\n<p>Удобство подключения к другим устройствам. Беспроводная связь на малых расстояниях (NFC) позволяет легко обмениваться информацией с другими пользователями и открывает доступ к многочисленным NFC-приложениям и услугам. Xperia S можно подключить к телевизору посредством Wi-Fi, DLNA, HDMI, а также использовать BRAVIA Sync для управления смартфоном с пульта ДУ телевизора.</p>\r\n				\r\n				\r\n<div class=\"tech-harakt\">\r\n					<h3>Технические характеристики</h3>\r\n\r\n<h4>Связь</h4>\r\n<ul>\r\n<li> - 3G  : Есть </li>\r\n<li> - EDGE  : Есть </li>\r\n<li> - Wi-Fi  : Есть (802.11 b/g/n)</li> \r\n</ul>\r\n\r\n<h4>Дисплей</h4>\r\n<ul>\r\n<li> - Тип дисплея  : TFT с LED подсветкой</li> \r\n<li> - Разрешение дисплея (пикс)  : 1280x720</li> \r\n<li> - Диагональ дисплея (дюйм)  : 4.3 </li>\r\n<li> - Сенсорный экран  : Есть </li>\r\n</ul>\r\n\r\n<h4>Система</h4>\r\n<ul>\r\n<li> - GPS-навигация  : Есть </li>\r\n<li> - Операционная система  : Android v2.3 </li>\r\n<li> - Частота проц. (МГц) : 1500 (Dual-core Qualcomm MSM8260 Snapdragon) </li>\r\n</ul>\r\n\r\n<h4>Мультимедиа</h4>\r\n<ul>\r\n<li> - Фотокамера : 12,1 Mпикс </li>\r\n<li> - Аудиоплеер : да </li>\r\n<li> - FM - радио : да </li>\r\n</ul>\r\n\r\n<h4>Корпус</h4>\r\n<ul>\r\n<li> - Тип корпуса : Классический </li>\r\n</ul>\r\n\r\n<h4>Память</h4>\r\n<ul>\r\n<li> - Встроенная память (Мб) : 32000</li>\r\n</ul>\r\n</div>','1','0','0','0',17000,'2012-09-02',''),(8,'Sony XperiaTipo Dual ST21i2 Black','Ключевики','Описание','phone-index.jpg',2,'<p>Футуристичный смартфон Sony Xperia S под управлением ОС Android 2.3 Gingerbread с возможностью обновления до версии 4.0 Ice Cream Sandwich – первый из серии Xperia NXT, линейки смартфонов нового поколения.</p> \r\n\r\n<p>В нем объединились новейшие технологии и лучшие разработки Sony, достойный функционал и минималистичный дизайн.</p>','<p>Футуристичный смартфон Sony Xperia S под управлением ОС Android 2.3 Gingerbread с возможностью обновления до версии 4.0 Ice Cream Sandwich – первый из серии Xperia NXT, линейки смартфонов нового поколения. В нем объединились новейшие технологии и лучшие разработки Sony, достойный функционал и минималистичный дизайн.</p> \r\n\r\n<p>Высокая производительность. Мощный двухъядерный процессор 1,5 ГГц Qualcomm Snapdragon MSM8260 гарантирует быстродействие любых игр и приложений.\r\nПревосходное качество изображения. 4,3-дюймовый HD 1280*720p экран Reality Display с технологией Mobile BRAVIA Engine обеспечивает потрясающие впечатления от просмотра изображений и видео с высоким разрешением.</p>\r\n\r\n<p>Удобство подключения к другим устройствам. Беспроводная связь на малых расстояниях (NFC) позволяет легко обмениваться информацией с другими пользователями и открывает доступ к многочисленным NFC-приложениям и услугам. Xperia S можно подключить к телевизору посредством Wi-Fi, DLNA, HDMI, а также использовать BRAVIA Sync для управления смартфоном с пульта ДУ телевизора.</p>\r\n				\r\n				\r\n<div class=\"tech-harakt\">\r\n					<h3>Технические характеристики</h3>\r\n\r\n<h4>Связь</h4>\r\n<ul>\r\n<li> - 3G  : Есть </li>\r\n<li> - EDGE  : Есть </li>\r\n<li> - Wi-Fi  : Есть (802.11 b/g/n)</li> \r\n</ul>\r\n\r\n<h4>Дисплей</h4>\r\n<ul>\r\n<li> - Тип дисплея  : TFT с LED подсветкой</li> \r\n<li> - Разрешение дисплея (пикс)  : 1280x720</li> \r\n<li> - Диагональ дисплея (дюйм)  : 4.3 </li>\r\n<li> - Сенсорный экран  : Есть </li>\r\n</ul>\r\n\r\n<h4>Система</h4>\r\n<ul>\r\n<li> - GPS-навигация  : Есть </li>\r\n<li> - Операционная система  : Android v2.3 </li>\r\n<li> - Частота проц. (МГц) : 1500 (Dual-core Qualcomm MSM8260 Snapdragon) </li>\r\n</ul>\r\n\r\n<h4>Мультимедиа</h4>\r\n<ul>\r\n<li> - Фотокамера : 12,1 Mпикс </li>\r\n<li> - Аудиоплеер : да </li>\r\n<li> - FM - радио : да </li>\r\n</ul>\r\n\r\n<h4>Корпус</h4>\r\n<ul>\r\n<li> - Тип корпуса : Классический </li>\r\n</ul>\r\n\r\n<h4>Память</h4>\r\n<ul>\r\n<li> - Встроенная память (Мб) : 32000</li>\r\n</ul>\r\n</div>','1','0','0','0',9000,'2012-09-02',''),(9,'LG Fantasy E740','Ключевики','Описание','phone-index.jpg',4,'<p>Футуристичный смартфон Sony Xperia S под управлением ОС Android 2.3 Gingerbread с возможностью обновления до версии 4.0 Ice Cream Sandwich – первый из серии Xperia NXT, линейки смартфонов нового поколения.</p> \r\n\r\n<p>В нем объединились новейшие технологии и лучшие разработки Sony, достойный функционал и минималистичный дизайн.</p>','<p>Футуристичный смартфон Sony Xperia S под управлением ОС Android 2.3 Gingerbread с возможностью обновления до версии 4.0 Ice Cream Sandwich – первый из серии Xperia NXT, линейки смартфонов нового поколения. В нем объединились новейшие технологии и лучшие разработки Sony, достойный функционал и минималистичный дизайн.</p> \r\n\r\n<p>Высокая производительность. Мощный двухъядерный процессор 1,5 ГГц Qualcomm Snapdragon MSM8260 гарантирует быстродействие любых игр и приложений.\r\nПревосходное качество изображения. 4,3-дюймовый HD 1280*720p экран Reality Display с технологией Mobile BRAVIA Engine обеспечивает потрясающие впечатления от просмотра изображений и видео с высоким разрешением.</p>\r\n\r\n<p>Удобство подключения к другим устройствам. Беспроводная связь на малых расстояниях (NFC) позволяет легко обмениваться информацией с другими пользователями и открывает доступ к многочисленным NFC-приложениям и услугам. Xperia S можно подключить к телевизору посредством Wi-Fi, DLNA, HDMI, а также использовать BRAVIA Sync для управления смартфоном с пульта ДУ телевизора.</p>\r\n				\r\n				\r\n<div class=\"tech-harakt\">\r\n					<h3>Технические характеристики</h3>\r\n\r\n<h4>Связь</h4>\r\n<ul>\r\n<li> - 3G  : Есть </li>\r\n<li> - EDGE  : Есть </li>\r\n<li> - Wi-Fi  : Есть (802.11 b/g/n)</li> \r\n</ul>\r\n\r\n<h4>Дисплей</h4>\r\n<ul>\r\n<li> - Тип дисплея  : TFT с LED подсветкой</li> \r\n<li> - Разрешение дисплея (пикс)  : 1280x720</li> \r\n<li> - Диагональ дисплея (дюйм)  : 4.3 </li>\r\n<li> - Сенсорный экран  : Есть </li>\r\n</ul>\r\n\r\n<h4>Система</h4>\r\n<ul>\r\n<li> - GPS-навигация  : Есть </li>\r\n<li> - Операционная система  : Android v2.3 </li>\r\n<li> - Частота проц. (МГц) : 1500 (Dual-core Qualcomm MSM8260 Snapdragon) </li>\r\n</ul>\r\n\r\n<h4>Мультимедиа</h4>\r\n<ul>\r\n<li> - Фотокамера : 12,1 Mпикс </li>\r\n<li> - Аудиоплеер : да </li>\r\n<li> - FM - радио : да </li>\r\n</ul>\r\n\r\n<h4>Корпус</h4>\r\n<ul>\r\n<li> - Тип корпуса : Классический </li>\r\n</ul>\r\n\r\n<h4>Память</h4>\r\n<ul>\r\n<li> - Встроенная память (Мб) : 32000</li>\r\n</ul>\r\n</div>','1','0','0','0',7500,'2012-09-02',''),(10,'Sony Xperia P LT22i Silver','Ключевики','Описание','phone-index.jpg',2,'<p>Футуристичный смартфон Sony Xperia S под управлением ОС Android 2.3 Gingerbread с возможностью обновления до версии 4.0 Ice Cream Sandwich – первый из серии Xperia NXT, линейки смартфонов нового поколения.</p> \r\n\r\n<p>В нем объединились новейшие технологии и лучшие разработки Sony, достойный функционал и минималистичный дизайн.</p>','<p>Футуристичный смартфон Sony Xperia S под управлением ОС Android 2.3 Gingerbread с возможностью обновления до версии 4.0 Ice Cream Sandwich – первый из серии Xperia NXT, линейки смартфонов нового поколения. В нем объединились новейшие технологии и лучшие разработки Sony, достойный функционал и минималистичный дизайн.</p> \r\n\r\n<p>Высокая производительность. Мощный двухъядерный процессор 1,5 ГГц Qualcomm Snapdragon MSM8260 гарантирует быстродействие любых игр и приложений.\r\nПревосходное качество изображения. 4,3-дюймовый HD 1280*720p экран Reality Display с технологией Mobile BRAVIA Engine обеспечивает потрясающие впечатления от просмотра изображений и видео с высоким разрешением.</p>\r\n\r\n<p>Удобство подключения к другим устройствам. Беспроводная связь на малых расстояниях (NFC) позволяет легко обмениваться информацией с другими пользователями и открывает доступ к многочисленным NFC-приложениям и услугам. Xperia S можно подключить к телевизору посредством Wi-Fi, DLNA, HDMI, а также использовать BRAVIA Sync для управления смартфоном с пульта ДУ телевизора.</p>\r\n				\r\n				\r\n<div class=\"tech-harakt\">\r\n					<h3>Технические характеристики</h3>\r\n\r\n<h4>Связь</h4>\r\n<ul>\r\n<li> - 3G  : Есть </li>\r\n<li> - EDGE  : Есть </li>\r\n<li> - Wi-Fi  : Есть (802.11 b/g/n)</li> \r\n</ul>\r\n\r\n<h4>Дисплей</h4>\r\n<ul>\r\n<li> - Тип дисплея  : TFT с LED подсветкой</li> \r\n<li> - Разрешение дисплея (пикс)  : 1280x720</li> \r\n<li> - Диагональ дисплея (дюйм)  : 4.3 </li>\r\n<li> - Сенсорный экран  : Есть </li>\r\n</ul>\r\n\r\n<h4>Система</h4>\r\n<ul>\r\n<li> - GPS-навигация  : Есть </li>\r\n<li> - Операционная система  : Android v2.3 </li>\r\n<li> - Частота проц. (МГц) : 1500 (Dual-core Qualcomm MSM8260 Snapdragon) </li>\r\n</ul>\r\n\r\n<h4>Мультимедиа</h4>\r\n<ul>\r\n<li> - Фотокамера : 12,1 Mпикс </li>\r\n<li> - Аудиоплеер : да </li>\r\n<li> - FM - радио : да </li>\r\n</ul>\r\n\r\n<h4>Корпус</h4>\r\n<ul>\r\n<li> - Тип корпуса : Классический </li>\r\n</ul>\r\n\r\n<h4>Память</h4>\r\n<ul>\r\n<li> - Встроенная память (Мб) : 32000</li>\r\n</ul>\r\n</div>','1','1','0','0',21000,'2012-09-02',''),(11,'Nokia Lumia 610 Black','Ключевики','Описание','phone-index.jpg',14,'<p>Футуристичный смартфон Sony Xperia S под управлением ОС Android 2.3 Gingerbread с возможностью обновления до версии 4.0 Ice Cream Sandwich – первый из серии Xperia NXT, линейки смартфонов нового поколения.</p> \r\n\r\n<p>В нем объединились новейшие технологии и лучшие разработки Sony, достойный функционал и минималистичный дизайн.</p>','<p>Футуристичный смартфон Sony Xperia S под управлением ОС Android 2.3 Gingerbread с возможностью обновления до версии 4.0 Ice Cream Sandwich – первый из серии Xperia NXT, линейки смартфонов нового поколения. В нем объединились новейшие технологии и лучшие разработки Sony, достойный функционал и минималистичный дизайн.</p> \r\n\r\n<p>Высокая производительность. Мощный двухъядерный процессор 1,5 ГГц Qualcomm Snapdragon MSM8260 гарантирует быстродействие любых игр и приложений.\r\nПревосходное качество изображения. 4,3-дюймовый HD 1280*720p экран Reality Display с технологией Mobile BRAVIA Engine обеспечивает потрясающие впечатления от просмотра изображений и видео с высоким разрешением.</p>\r\n\r\n<p>Удобство подключения к другим устройствам. Беспроводная связь на малых расстояниях (NFC) позволяет легко обмениваться информацией с другими пользователями и открывает доступ к многочисленным NFC-приложениям и услугам. Xperia S можно подключить к телевизору посредством Wi-Fi, DLNA, HDMI, а также использовать BRAVIA Sync для управления смартфоном с пульта ДУ телевизора.</p>\r\n				\r\n				\r\n<div class=\"tech-harakt\">\r\n					<h3>Технические характеристики</h3>\r\n\r\n<h4>Связь</h4>\r\n<ul>\r\n<li> - 3G  : Есть </li>\r\n<li> - EDGE  : Есть </li>\r\n<li> - Wi-Fi  : Есть (802.11 b/g/n)</li> \r\n</ul>\r\n\r\n<h4>Дисплей</h4>\r\n<ul>\r\n<li> - Тип дисплея  : TFT с LED подсветкой</li> \r\n<li> - Разрешение дисплея (пикс)  : 1280x720</li> \r\n<li> - Диагональ дисплея (дюйм)  : 4.3 </li>\r\n<li> - Сенсорный экран  : Есть </li>\r\n</ul>\r\n\r\n<h4>Система</h4>\r\n<ul>\r\n<li> - GPS-навигация  : Есть </li>\r\n<li> - Операционная система  : Android v2.3 </li>\r\n<li> - Частота проц. (МГц) : 1500 (Dual-core Qualcomm MSM8260 Snapdragon) </li>\r\n</ul>\r\n\r\n<h4>Мультимедиа</h4>\r\n<ul>\r\n<li> - Фотокамера : 12,1 Mпикс </li>\r\n<li> - Аудиоплеер : да </li>\r\n<li> - FM - радио : да </li>\r\n</ul>\r\n\r\n<h4>Корпус</h4>\r\n<ul>\r\n<li> - Тип корпуса : Классический </li>\r\n</ul>\r\n\r\n<h4>Память</h4>\r\n<ul>\r\n<li> - Встроенная память (Мб) : 32000</li>\r\n</ul>\r\n</div>','1','1','0','0',6000,'2012-09-02',''),(12,'Nokia Lumia 710 Black','Ключевики','Описание','phone-index.jpg',14,'<p>Футуристичный смартфон Sony Xperia S под управлением ОС Android 2.3 Gingerbread с возможностью обновления до версии 4.0 Ice Cream Sandwich – первый из серии Xperia NXT, линейки смартфонов нового поколения.</p> \r\n\r\n<p>В нем объединились новейшие технологии и лучшие разработки Sony, достойный функционал и минималистичный дизайн.</p>','<p>Футуристичный смартфон Sony Xperia S под управлением ОС Android 2.3 Gingerbread с возможностью обновления до версии 4.0 Ice Cream Sandwich – первый из серии Xperia NXT, линейки смартфонов нового поколения. В нем объединились новейшие технологии и лучшие разработки Sony, достойный функционал и минималистичный дизайн.</p> \r\n\r\n<p>Высокая производительность. Мощный двухъядерный процессор 1,5 ГГц Qualcomm Snapdragon MSM8260 гарантирует быстродействие любых игр и приложений.\r\nПревосходное качество изображения. 4,3-дюймовый HD 1280*720p экран Reality Display с технологией Mobile BRAVIA Engine обеспечивает потрясающие впечатления от просмотра изображений и видео с высоким разрешением.</p>\r\n\r\n<p>Удобство подключения к другим устройствам. Беспроводная связь на малых расстояниях (NFC) позволяет легко обмениваться информацией с другими пользователями и открывает доступ к многочисленным NFC-приложениям и услугам. Xperia S можно подключить к телевизору посредством Wi-Fi, DLNA, HDMI, а также использовать BRAVIA Sync для управления смартфоном с пульта ДУ телевизора.</p>\r\n				\r\n				\r\n<div class=\"tech-harakt\">\r\n					<h3>Технические характеристики</h3>\r\n\r\n<h4>Связь</h4>\r\n<ul>\r\n<li> - 3G  : Есть </li>\r\n<li> - EDGE  : Есть </li>\r\n<li> - Wi-Fi  : Есть (802.11 b/g/n)</li> \r\n</ul>\r\n\r\n<h4>Дисплей</h4>\r\n<ul>\r\n<li> - Тип дисплея  : TFT с LED подсветкой</li> \r\n<li> - Разрешение дисплея (пикс)  : 1280x720</li> \r\n<li> - Диагональ дисплея (дюйм)  : 4.3 </li>\r\n<li> - Сенсорный экран  : Есть </li>\r\n</ul>\r\n\r\n<h4>Система</h4>\r\n<ul>\r\n<li> - GPS-навигация  : Есть </li>\r\n<li> - Операционная система  : Android v2.3 </li>\r\n<li> - Частота проц. (МГц) : 1500 (Dual-core Qualcomm MSM8260 Snapdragon) </li>\r\n</ul>\r\n\r\n<h4>Мультимедиа</h4>\r\n<ul>\r\n<li> - Фотокамера : 12,1 Mпикс </li>\r\n<li> - Аудиоплеер : да </li>\r\n<li> - FM - радио : да </li>\r\n</ul>\r\n\r\n<h4>Корпус</h4>\r\n<ul>\r\n<li> - Тип корпуса : Классический </li>\r\n</ul>\r\n\r\n<h4>Память</h4>\r\n<ul>\r\n<li> - Встроенная память (Мб) : 32000</li>\r\n</ul>\r\n</div>','1','1','1','1',15650,'2012-09-02',''),(13,'Nokia C2-06 Lilac','Ключевики','Описание','phone-index.jpg',13,'<p>Футуристичный смартфон Sony Xperia S под управлением ОС Android 2.3 Gingerbread с возможностью обновления до версии 4.0 Ice Cream Sandwich – первый из серии Xperia NXT, линейки смартфонов нового поколения.</p> \r\n\r\n<p>В нем объединились новейшие технологии и лучшие разработки Sony, достойный функционал и минималистичный дизайн.</p>','<p>Футуристичный смартфон Sony Xperia S под управлением ОС Android 2.3 Gingerbread с возможностью обновления до версии 4.0 Ice Cream Sandwich – первый из серии Xperia NXT, линейки смартфонов нового поколения. В нем объединились новейшие технологии и лучшие разработки Sony, достойный функционал и минималистичный дизайн.</p> \r\n\r\n<p>Высокая производительность. Мощный двухъядерный процессор 1,5 ГГц Qualcomm Snapdragon MSM8260 гарантирует быстродействие любых игр и приложений.\r\nПревосходное качество изображения. 4,3-дюймовый HD 1280*720p экран Reality Display с технологией Mobile BRAVIA Engine обеспечивает потрясающие впечатления от просмотра изображений и видео с высоким разрешением.</p>\r\n\r\n<p>Удобство подключения к другим устройствам. Беспроводная связь на малых расстояниях (NFC) позволяет легко обмениваться информацией с другими пользователями и открывает доступ к многочисленным NFC-приложениям и услугам. Xperia S можно подключить к телевизору посредством Wi-Fi, DLNA, HDMI, а также использовать BRAVIA Sync для управления смартфоном с пульта ДУ телевизора.</p>\r\n				\r\n				\r\n<div class=\"tech-harakt\">\r\n					<h3>Технические характеристики</h3>\r\n\r\n<h4>Связь</h4>\r\n<ul>\r\n<li> - 3G  : Есть </li>\r\n<li> - EDGE  : Есть </li>\r\n<li> - Wi-Fi  : Есть (802.11 b/g/n)</li> \r\n</ul>\r\n\r\n<h4>Дисплей</h4>\r\n<ul>\r\n<li> - Тип дисплея  : TFT с LED подсветкой</li> \r\n<li> - Разрешение дисплея (пикс)  : 1280x720</li> \r\n<li> - Диагональ дисплея (дюйм)  : 4.3 </li>\r\n<li> - Сенсорный экран  : Есть </li>\r\n</ul>\r\n\r\n<h4>Система</h4>\r\n<ul>\r\n<li> - GPS-навигация  : Есть </li>\r\n<li> - Операционная система  : Android v2.3 </li>\r\n<li> - Частота проц. (МГц) : 1500 (Dual-core Qualcomm MSM8260 Snapdragon) </li>\r\n</ul>\r\n\r\n<h4>Мультимедиа</h4>\r\n<ul>\r\n<li> - Фотокамера : 12,1 Mпикс </li>\r\n<li> - Аудиоплеер : да </li>\r\n<li> - FM - радио : да </li>\r\n</ul>\r\n\r\n<h4>Корпус</h4>\r\n<ul>\r\n<li> - Тип корпуса : Классический </li>\r\n</ul>\r\n\r\n<h4>Память</h4>\r\n<ul>\r\n<li> - Встроенная память (Мб) : 32000</li>\r\n</ul>\r\n</div>','1','1','0','0',9400,'2012-09-02',''),(14,'Nokia Lumia 800 Black','Ключевики','Описание','phone-index.jpg',14,'<p>Футуристичный смартфон Sony Xperia S под управлением ОС Android 2.3 Gingerbread с возможностью обновления до версии 4.0 Ice Cream Sandwich – первый из серии Xperia NXT, линейки смартфонов нового поколения.</p> \r\n\r\n<p>В нем объединились новейшие технологии и лучшие разработки Sony, достойный функционал и минималистичный дизайн.</p>','<p>Футуристичный смартфон Sony Xperia S под управлением ОС Android 2.3 Gingerbread с возможностью обновления до версии 4.0 Ice Cream Sandwich – первый из серии Xperia NXT, линейки смартфонов нового поколения. В нем объединились новейшие технологии и лучшие разработки Sony, достойный функционал и минималистичный дизайн.</p> \r\n\r\n<p>Высокая производительность. Мощный двухъядерный процессор 1,5 ГГц Qualcomm Snapdragon MSM8260 гарантирует быстродействие любых игр и приложений.\r\nПревосходное качество изображения. 4,3-дюймовый HD 1280*720p экран Reality Display с технологией Mobile BRAVIA Engine обеспечивает потрясающие впечатления от просмотра изображений и видео с высоким разрешением.</p>\r\n\r\n<p>Удобство подключения к другим устройствам. Беспроводная связь на малых расстояниях (NFC) позволяет легко обмениваться информацией с другими пользователями и открывает доступ к многочисленным NFC-приложениям и услугам. Xperia S можно подключить к телевизору посредством Wi-Fi, DLNA, HDMI, а также использовать BRAVIA Sync для управления смартфоном с пульта ДУ телевизора.</p>\r\n				\r\n				\r\n<div class=\"tech-harakt\">\r\n					<h3>Технические характеристики</h3>\r\n\r\n<h4>Связь</h4>\r\n<ul>\r\n<li> - 3G  : Есть </li>\r\n<li> - EDGE  : Есть </li>\r\n<li> - Wi-Fi  : Есть (802.11 b/g/n)</li> \r\n</ul>\r\n\r\n<h4>Дисплей</h4>\r\n<ul>\r\n<li> - Тип дисплея  : TFT с LED подсветкой</li> \r\n<li> - Разрешение дисплея (пикс)  : 1280x720</li> \r\n<li> - Диагональ дисплея (дюйм)  : 4.3 </li>\r\n<li> - Сенсорный экран  : Есть </li>\r\n</ul>\r\n\r\n<h4>Система</h4>\r\n<ul>\r\n<li> - GPS-навигация  : Есть </li>\r\n<li> - Операционная система  : Android v2.3 </li>\r\n<li> - Частота проц. (МГц) : 1500 (Dual-core Qualcomm MSM8260 Snapdragon) </li>\r\n</ul>\r\n\r\n<h4>Мультимедиа</h4>\r\n<ul>\r\n<li> - Фотокамера : 12,1 Mпикс </li>\r\n<li> - Аудиоплеер : да </li>\r\n<li> - FM - радио : да </li>\r\n</ul>\r\n\r\n<h4>Корпус</h4>\r\n<ul>\r\n<li> - Тип корпуса : Классический </li>\r\n</ul>\r\n\r\n<h4>Память</h4>\r\n<ul>\r\n<li> - Встроенная память (Мб) : 32000</li>\r\n</ul>\r\n</div>','1','0','0','0',13230,'2012-09-02',''),(15,'Nokia Lumia 900 Black','Ключевики','Описание','phone-index.jpg',14,'<p>Футуристичный смартфон Sony Xperia S под управлением ОС Android 2.3 Gingerbread с возможностью обновления до версии 4.0 Ice Cream Sandwich – первый из серии Xperia NXT, линейки смартфонов нового поколения.</p> \r\n\r\n<p>В нем объединились новейшие технологии и лучшие разработки Sony, достойный функционал и минималистичный дизайн.</p>','<p>Футуристичный смартфон Sony Xperia S под управлением ОС Android 2.3 Gingerbread с возможностью обновления до версии 4.0 Ice Cream Sandwich – первый из серии Xperia NXT, линейки смартфонов нового поколения. В нем объединились новейшие технологии и лучшие разработки Sony, достойный функционал и минималистичный дизайн.</p> \r\n\r\n<p>Высокая производительность. Мощный двухъядерный процессор 1,5 ГГц Qualcomm Snapdragon MSM8260 гарантирует быстродействие любых игр и приложений.\r\nПревосходное качество изображения. 4,3-дюймовый HD 1280*720p экран Reality Display с технологией Mobile BRAVIA Engine обеспечивает потрясающие впечатления от просмотра изображений и видео с высоким разрешением.</p>\r\n\r\n<p>Удобство подключения к другим устройствам. Беспроводная связь на малых расстояниях (NFC) позволяет легко обмениваться информацией с другими пользователями и открывает доступ к многочисленным NFC-приложениям и услугам. Xperia S можно подключить к телевизору посредством Wi-Fi, DLNA, HDMI, а также использовать BRAVIA Sync для управления смартфоном с пульта ДУ телевизора.</p>\r\n				\r\n				\r\n<div class=\"tech-harakt\">\r\n					<h3>Технические характеристики</h3>\r\n\r\n<h4>Связь</h4>\r\n<ul>\r\n<li> - 3G  : Есть </li>\r\n<li> - EDGE  : Есть </li>\r\n<li> - Wi-Fi  : Есть (802.11 b/g/n)</li> \r\n</ul>\r\n\r\n<h4>Дисплей</h4>\r\n<ul>\r\n<li> - Тип дисплея  : TFT с LED подсветкой</li> \r\n<li> - Разрешение дисплея (пикс)  : 1280x720</li> \r\n<li> - Диагональ дисплея (дюйм)  : 4.3 </li>\r\n<li> - Сенсорный экран  : Есть </li>\r\n</ul>\r\n\r\n<h4>Система</h4>\r\n<ul>\r\n<li> - GPS-навигация  : Есть </li>\r\n<li> - Операционная система  : Android v2.3 </li>\r\n<li> - Частота проц. (МГц) : 1500 (Dual-core Qualcomm MSM8260 Snapdragon) </li>\r\n</ul>\r\n\r\n<h4>Мультимедиа</h4>\r\n<ul>\r\n<li> - Фотокамера : 12,1 Mпикс </li>\r\n<li> - Аудиоплеер : да </li>\r\n<li> - FM - радио : да </li>\r\n</ul>\r\n\r\n<h4>Корпус</h4>\r\n<ul>\r\n<li> - Тип корпуса : Классический </li>\r\n</ul>\r\n\r\n<h4>Память</h4>\r\n<ul>\r\n<li> - Встроенная память (Мб) : 32000</li>\r\n</ul>\r\n</div>','1','0','1','0',10000,'2012-09-02',''),(16,'Nokia Lumia 900 White','Ключевики','Описание','phone-index.jpg',14,'<p>Футуристичный смартфон Sony Xperia S под управлением ОС Android 2.3 Gingerbread с возможностью обновления до версии 4.0 Ice Cream Sandwich – первый из серии Xperia NXT, линейки смартфонов нового поколения.</p> \r\n\r\n<p>В нем объединились новейшие технологии и лучшие разработки Sony, достойный функционал и минималистичный дизайн.</p>','<p>Футуристичный смартфон Sony Xperia S под управлением ОС Android 2.3 Gingerbread с возможностью обновления до версии 4.0 Ice Cream Sandwich – первый из серии Xperia NXT, линейки смартфонов нового поколения. В нем объединились новейшие технологии и лучшие разработки Sony, достойный функционал и минималистичный дизайн.</p> \r\n\r\n<p>Высокая производительность. Мощный двухъядерный процессор 1,5 ГГц Qualcomm Snapdragon MSM8260 гарантирует быстродействие любых игр и приложений.\r\nПревосходное качество изображения. 4,3-дюймовый HD 1280*720p экран Reality Display с технологией Mobile BRAVIA Engine обеспечивает потрясающие впечатления от просмотра изображений и видео с высоким разрешением.</p>\r\n\r\n<p>Удобство подключения к другим устройствам. Беспроводная связь на малых расстояниях (NFC) позволяет легко обмениваться информацией с другими пользователями и открывает доступ к многочисленным NFC-приложениям и услугам. Xperia S можно подключить к телевизору посредством Wi-Fi, DLNA, HDMI, а также использовать BRAVIA Sync для управления смартфоном с пульта ДУ телевизора.</p>\r\n				\r\n				\r\n<div class=\"tech-harakt\">\r\n					<h3>Технические характеристики</h3>\r\n\r\n<h4>Связь</h4>\r\n<ul>\r\n<li> - 3G  : Есть </li>\r\n<li> - EDGE  : Есть </li>\r\n<li> - Wi-Fi  : Есть (802.11 b/g/n)</li> \r\n</ul>\r\n\r\n<h4>Дисплей</h4>\r\n<ul>\r\n<li> - Тип дисплея  : TFT с LED подсветкой</li> \r\n<li> - Разрешение дисплея (пикс)  : 1280x720</li> \r\n<li> - Диагональ дисплея (дюйм)  : 4.3 </li>\r\n<li> - Сенсорный экран  : Есть </li>\r\n</ul>\r\n\r\n<h4>Система</h4>\r\n<ul>\r\n<li> - GPS-навигация  : Есть </li>\r\n<li> - Операционная система  : Android v2.3 </li>\r\n<li> - Частота проц. (МГц) : 1500 (Dual-core Qualcomm MSM8260 Snapdragon) </li>\r\n</ul>\r\n\r\n<h4>Мультимедиа</h4>\r\n<ul>\r\n<li> - Фотокамера : 12,1 Mпикс </li>\r\n<li> - Аудиоплеер : да </li>\r\n<li> - FM - радио : да </li>\r\n</ul>\r\n\r\n<h4>Корпус</h4>\r\n<ul>\r\n<li> - Тип корпуса : Классический </li>\r\n</ul>\r\n\r\n<h4>Память</h4>\r\n<ul>\r\n<li> - Встроенная память (Мб) : 32000</li>\r\n</ul>\r\n</div>','1','1','1','1',16000,'2012-09-16',''),(17,'Nokia 500 Black (Purple/Red)','Ключевики','Описание','phone-index.jpg',14,'<p>Футуристичный смартфон Sony Xperia S под управлением ОС Android 2.3 Gingerbread с возможностью обновления до версии 4.0 Ice Cream Sandwich – первый из серии Xperia NXT, линейки смартфонов нового поколения.</p> \r\n\r\n<p>В нем объединились новейшие технологии и лучшие разработки Sony, достойный функционал и минималистичный дизайн.</p>','<p>Футуристичный смартфон Sony Xperia S под управлением ОС Android 2.3 Gingerbread с возможностью обновления до версии 4.0 Ice Cream Sandwich – первый из серии Xperia NXT, линейки смартфонов нового поколения. В нем объединились новейшие технологии и лучшие разработки Sony, достойный функционал и минималистичный дизайн.</p> \r\n\r\n<p>Высокая производительность. Мощный двухъядерный процессор 1,5 ГГц Qualcomm Snapdragon MSM8260 гарантирует быстродействие любых игр и приложений.\r\nПревосходное качество изображения. 4,3-дюймовый HD 1280*720p экран Reality Display с технологией Mobile BRAVIA Engine обеспечивает потрясающие впечатления от просмотра изображений и видео с высоким разрешением.</p>\r\n\r\n<p>Удобство подключения к другим устройствам. Беспроводная связь на малых расстояниях (NFC) позволяет легко обмениваться информацией с другими пользователями и открывает доступ к многочисленным NFC-приложениям и услугам. Xperia S можно подключить к телевизору посредством Wi-Fi, DLNA, HDMI, а также использовать BRAVIA Sync для управления смартфоном с пульта ДУ телевизора.</p>\r\n				\r\n				\r\n<div class=\"tech-harakt\">\r\n					<h3>Технические характеристики</h3>\r\n\r\n<h4>Связь</h4>\r\n<ul>\r\n<li> - 3G  : Есть </li>\r\n<li> - EDGE  : Есть </li>\r\n<li> - Wi-Fi  : Есть (802.11 b/g/n)</li> \r\n</ul>\r\n\r\n<h4>Дисплей</h4>\r\n<ul>\r\n<li> - Тип дисплея  : TFT с LED подсветкой</li> \r\n<li> - Разрешение дисплея (пикс)  : 1280x720</li> \r\n<li> - Диагональ дисплея (дюйм)  : 4.3 </li>\r\n<li> - Сенсорный экран  : Есть </li>\r\n</ul>\r\n\r\n<h4>Система</h4>\r\n<ul>\r\n<li> - GPS-навигация  : Есть </li>\r\n<li> - Операционная система  : Android v2.3 </li>\r\n<li> - Частота проц. (МГц) : 1500 (Dual-core Qualcomm MSM8260 Snapdragon) </li>\r\n</ul>\r\n\r\n<h4>Мультимедиа</h4>\r\n<ul>\r\n<li> - Фотокамера : 12,1 Mпикс </li>\r\n<li> - Аудиоплеер : да </li>\r\n<li> - FM - радио : да </li>\r\n</ul>\r\n\r\n<h4>Корпус</h4>\r\n<ul>\r\n<li> - Тип корпуса : Классический </li>\r\n</ul>\r\n\r\n<h4>Память</h4>\r\n<ul>\r\n<li> - Встроенная память (Мб) : 32000</li>\r\n</ul>\r\n</div>','1','0','0','0',17000,'2012-09-17',''),(18,'Nokia E6-00 Black','Ключевики','Описание','phone-index.jpg',14,'<p>Футуристичный смартфон Sony Xperia S под управлением ОС Android 2.3 Gingerbread с возможностью обновления до версии 4.0 Ice Cream Sandwich – первый из серии Xperia NXT, линейки смартфонов нового поколения.</p> \r\n\r\n<p>В нем объединились новейшие технологии и лучшие разработки Sony, достойный функционал и минималистичный дизайн.</p>','<p>Футуристичный смартфон Sony Xperia S под управлением ОС Android 2.3 Gingerbread с возможностью обновления до версии 4.0 Ice Cream Sandwich – первый из серии Xperia NXT, линейки смартфонов нового поколения. В нем объединились новейшие технологии и лучшие разработки Sony, достойный функционал и минималистичный дизайн.</p> \r\n\r\n<p>Высокая производительность. Мощный двухъядерный процессор 1,5 ГГц Qualcomm Snapdragon MSM8260 гарантирует быстродействие любых игр и приложений.\r\nПревосходное качество изображения. 4,3-дюймовый HD 1280*720p экран Reality Display с технологией Mobile BRAVIA Engine обеспечивает потрясающие впечатления от просмотра изображений и видео с высоким разрешением.</p>\r\n\r\n<p>Удобство подключения к другим устройствам. Беспроводная связь на малых расстояниях (NFC) позволяет легко обмениваться информацией с другими пользователями и открывает доступ к многочисленным NFC-приложениям и услугам. Xperia S можно подключить к телевизору посредством Wi-Fi, DLNA, HDMI, а также использовать BRAVIA Sync для управления смартфоном с пульта ДУ телевизора.</p>\r\n				\r\n				\r\n<div class=\"tech-harakt\">\r\n					<h3>Технические характеристики</h3>\r\n\r\n<h4>Связь</h4>\r\n<ul>\r\n<li> - 3G  : Есть </li>\r\n<li> - EDGE  : Есть </li>\r\n<li> - Wi-Fi  : Есть (802.11 b/g/n)</li> \r\n</ul>\r\n\r\n<h4>Дисплей</h4>\r\n<ul>\r\n<li> - Тип дисплея  : TFT с LED подсветкой</li> \r\n<li> - Разрешение дисплея (пикс)  : 1280x720</li> \r\n<li> - Диагональ дисплея (дюйм)  : 4.3 </li>\r\n<li> - Сенсорный экран  : Есть </li>\r\n</ul>\r\n\r\n<h4>Система</h4>\r\n<ul>\r\n<li> - GPS-навигация  : Есть </li>\r\n<li> - Операционная система  : Android v2.3 </li>\r\n<li> - Частота проц. (МГц) : 1500 (Dual-core Qualcomm MSM8260 Snapdragon) </li>\r\n</ul>\r\n\r\n<h4>Мультимедиа</h4>\r\n<ul>\r\n<li> - Фотокамера : 12,1 Mпикс </li>\r\n<li> - Аудиоплеер : да </li>\r\n<li> - FM - радио : да </li>\r\n</ul>\r\n\r\n<h4>Корпус</h4>\r\n<ul>\r\n<li> - Тип корпуса : Классический </li>\r\n</ul>\r\n\r\n<h4>Память</h4>\r\n<ul>\r\n<li> - Встроенная память (Мб) : 32000</li>\r\n</ul>\r\n</div>','1','1','0','0',18000,'2012-09-18',''),(19,'Nokia Asha 306 Dark Grey','Ключевики','Описание','phone-index.jpg',14,'<p>Футуристичный смартфон Sony Xperia S под управлением ОС Android 2.3 Gingerbread с возможностью обновления до версии 4.0 Ice Cream Sandwich – первый из серии Xperia NXT, линейки смартфонов нового поколения.</p> \r\n\r\n<p>В нем объединились новейшие технологии и лучшие разработки Sony, достойный функционал и минималистичный дизайн.</p>','<p>Футуристичный смартфон Sony Xperia S под управлением ОС Android 2.3 Gingerbread с возможностью обновления до версии 4.0 Ice Cream Sandwich – первый из серии Xperia NXT, линейки смартфонов нового поколения. В нем объединились новейшие технологии и лучшие разработки Sony, достойный функционал и минималистичный дизайн.</p> \r\n\r\n<p>Высокая производительность. Мощный двухъядерный процессор 1,5 ГГц Qualcomm Snapdragon MSM8260 гарантирует быстродействие любых игр и приложений.\r\nПревосходное качество изображения. 4,3-дюймовый HD 1280*720p экран Reality Display с технологией Mobile BRAVIA Engine обеспечивает потрясающие впечатления от просмотра изображений и видео с высоким разрешением.</p>\r\n\r\n<p>Удобство подключения к другим устройствам. Беспроводная связь на малых расстояниях (NFC) позволяет легко обмениваться информацией с другими пользователями и открывает доступ к многочисленным NFC-приложениям и услугам. Xperia S можно подключить к телевизору посредством Wi-Fi, DLNA, HDMI, а также использовать BRAVIA Sync для управления смартфоном с пульта ДУ телевизора.</p>\r\n				\r\n				\r\n<div class=\"tech-harakt\">\r\n					<h3>Технические характеристики</h3>\r\n\r\n<h4>Связь</h4>\r\n<ul>\r\n<li> - 3G  : Есть </li>\r\n<li> - EDGE  : Есть </li>\r\n<li> - Wi-Fi  : Есть (802.11 b/g/n)</li> \r\n</ul>\r\n\r\n<h4>Дисплей</h4>\r\n<ul>\r\n<li> - Тип дисплея  : TFT с LED подсветкой</li> \r\n<li> - Разрешение дисплея (пикс)  : 1280x720</li> \r\n<li> - Диагональ дисплея (дюйм)  : 4.3 </li>\r\n<li> - Сенсорный экран  : Есть </li>\r\n</ul>\r\n\r\n<h4>Система</h4>\r\n<ul>\r\n<li> - GPS-навигация  : Есть </li>\r\n<li> - Операционная система  : Android v2.3 </li>\r\n<li> - Частота проц. (МГц) : 1500 (Dual-core Qualcomm MSM8260 Snapdragon) </li>\r\n</ul>\r\n\r\n<h4>Мультимедиа</h4>\r\n<ul>\r\n<li> - Фотокамера : 12,1 Mпикс </li>\r\n<li> - Аудиоплеер : да </li>\r\n<li> - FM - радио : да </li>\r\n</ul>\r\n\r\n<h4>Корпус</h4>\r\n<ul>\r\n<li> - Тип корпуса : Классический </li>\r\n</ul>\r\n\r\n<h4>Память</h4>\r\n<ul>\r\n<li> - Встроенная память (Мб) : 32000</li>\r\n</ul>\r\n</div>','1','1','1','0',19000,'2012-09-19',''),(20,'Nokia X2-02 dark silver','Ключевики','Описание','phone-index.jpg',13,'<p>Футуристичный смартфон Sony Xperia S под управлением ОС Android 2.3 Gingerbread с возможностью обновления до версии 4.0 Ice Cream Sandwich – первый из серии Xperia NXT, линейки смартфонов нового поколения.</p> \r\n\r\n<p>В нем объединились новейшие технологии и лучшие разработки Sony, достойный функционал и минималистичный дизайн.</p>','<p>Футуристичный смартфон Sony Xperia S под управлением ОС Android 2.3 Gingerbread с возможностью обновления до версии 4.0 Ice Cream Sandwich – первый из серии Xperia NXT, линейки смартфонов нового поколения. В нем объединились новейшие технологии и лучшие разработки Sony, достойный функционал и минималистичный дизайн.</p> \r\n\r\n<p>Высокая производительность. Мощный двухъядерный процессор 1,5 ГГц Qualcomm Snapdragon MSM8260 гарантирует быстродействие любых игр и приложений.\r\nПревосходное качество изображения. 4,3-дюймовый HD 1280*720p экран Reality Display с технологией Mobile BRAVIA Engine обеспечивает потрясающие впечатления от просмотра изображений и видео с высоким разрешением.</p>\r\n\r\n<p>Удобство подключения к другим устройствам. Беспроводная связь на малых расстояниях (NFC) позволяет легко обмениваться информацией с другими пользователями и открывает доступ к многочисленным NFC-приложениям и услугам. Xperia S можно подключить к телевизору посредством Wi-Fi, DLNA, HDMI, а также использовать BRAVIA Sync для управления смартфоном с пульта ДУ телевизора.</p>\r\n				\r\n				\r\n<div class=\"tech-harakt\">\r\n					<h3>Технические характеристики</h3>\r\n\r\n<h4>Связь</h4>\r\n<ul>\r\n<li> - 3G  : Есть </li>\r\n<li> - EDGE  : Есть </li>\r\n<li> - Wi-Fi  : Есть (802.11 b/g/n)</li> \r\n</ul>\r\n\r\n<h4>Дисплей</h4>\r\n<ul>\r\n<li> - Тип дисплея  : TFT с LED подсветкой</li> \r\n<li> - Разрешение дисплея (пикс)  : 1280x720</li> \r\n<li> - Диагональ дисплея (дюйм)  : 4.3 </li>\r\n<li> - Сенсорный экран  : Есть </li>\r\n</ul>\r\n\r\n<h4>Система</h4>\r\n<ul>\r\n<li> - GPS-навигация  : Есть </li>\r\n<li> - Операционная система  : Android v2.3 </li>\r\n<li> - Частота проц. (МГц) : 1500 (Dual-core Qualcomm MSM8260 Snapdragon) </li>\r\n</ul>\r\n\r\n<h4>Мультимедиа</h4>\r\n<ul>\r\n<li> - Фотокамера : 12,1 Mпикс </li>\r\n<li> - Аудиоплеер : да </li>\r\n<li> - FM - радио : да </li>\r\n</ul>\r\n\r\n<h4>Корпус</h4>\r\n<ul>\r\n<li> - Тип корпуса : Классический </li>\r\n</ul>\r\n\r\n<h4>Память</h4>\r\n<ul>\r\n<li> - Встроенная память (Мб) : 32000</li>\r\n</ul>\r\n</div>','1','0','0','0',20000,'2012-09-20',''),(21,'Nokia Asha 200 Graphite','Ключевики','Описание','phone-index.jpg',14,'<p>Футуристичный смартфон Sony Xperia S под управлением ОС Android 2.3 Gingerbread с возможностью обновления до версии 4.0 Ice Cream Sandwich – первый из серии Xperia NXT, линейки смартфонов нового поколения.</p> \r\n\r\n<p>В нем объединились новейшие технологии и лучшие разработки Sony, достойный функционал и минималистичный дизайн.</p>','<p>Футуристичный смартфон Sony Xperia S под управлением ОС Android 2.3 Gingerbread с возможностью обновления до версии 4.0 Ice Cream Sandwich – первый из серии Xperia NXT, линейки смартфонов нового поколения. В нем объединились новейшие технологии и лучшие разработки Sony, достойный функционал и минималистичный дизайн.</p> \r\n\r\n<p>Высокая производительность. Мощный двухъядерный процессор 1,5 ГГц Qualcomm Snapdragon MSM8260 гарантирует быстродействие любых игр и приложений.\r\nПревосходное качество изображения. 4,3-дюймовый HD 1280*720p экран Reality Display с технологией Mobile BRAVIA Engine обеспечивает потрясающие впечатления от просмотра изображений и видео с высоким разрешением.</p>\r\n\r\n<p>Удобство подключения к другим устройствам. Беспроводная связь на малых расстояниях (NFC) позволяет легко обмениваться информацией с другими пользователями и открывает доступ к многочисленным NFC-приложениям и услугам. Xperia S можно подключить к телевизору посредством Wi-Fi, DLNA, HDMI, а также использовать BRAVIA Sync для управления смартфоном с пульта ДУ телевизора.</p>\r\n				\r\n				\r\n<div class=\"tech-harakt\">\r\n					<h3>Технические характеристики</h3>\r\n\r\n<h4>Связь</h4>\r\n<ul>\r\n<li> - 3G  : Есть </li>\r\n<li> - EDGE  : Есть </li>\r\n<li> - Wi-Fi  : Есть (802.11 b/g/n)</li> \r\n</ul>\r\n\r\n<h4>Дисплей</h4>\r\n<ul>\r\n<li> - Тип дисплея  : TFT с LED подсветкой</li> \r\n<li> - Разрешение дисплея (пикс)  : 1280x720</li> \r\n<li> - Диагональ дисплея (дюйм)  : 4.3 </li>\r\n<li> - Сенсорный экран  : Есть </li>\r\n</ul>\r\n\r\n<h4>Система</h4>\r\n<ul>\r\n<li> - GPS-навигация  : Есть </li>\r\n<li> - Операционная система  : Android v2.3 </li>\r\n<li> - Частота проц. (МГц) : 1500 (Dual-core Qualcomm MSM8260 Snapdragon) </li>\r\n</ul>\r\n\r\n<h4>Мультимедиа</h4>\r\n<ul>\r\n<li> - Фотокамера : 12,1 Mпикс </li>\r\n<li> - Аудиоплеер : да </li>\r\n<li> - FM - радио : да </li>\r\n</ul>\r\n\r\n<h4>Корпус</h4>\r\n<ul>\r\n<li> - Тип корпуса : Классический </li>\r\n</ul>\r\n\r\n<h4>Память</h4>\r\n<ul>\r\n<li> - Встроенная память (Мб) : 32000</li>\r\n</ul>\r\n</div>','1','0','0','0',21000,'2012-09-21',''),(22,'Nokia Asha 200 Perl white','Ключевики','Описание','phone-index.jpg',14,'<p>Футуристичный смартфон Sony Xperia S под управлением ОС Android 2.3 Gingerbread с возможностью обновления до версии 4.0 Ice Cream Sandwich – первый из серии Xperia NXT, линейки смартфонов нового поколения.</p> \r\n\r\n<p>В нем объединились новейшие технологии и лучшие разработки Sony, достойный функционал и минималистичный дизайн.</p>','<p>Футуристичный смартфон Sony Xperia S под управлением ОС Android 2.3 Gingerbread с возможностью обновления до версии 4.0 Ice Cream Sandwich – первый из серии Xperia NXT, линейки смартфонов нового поколения. В нем объединились новейшие технологии и лучшие разработки Sony, достойный функционал и минималистичный дизайн.</p> \r\n\r\n<p>Высокая производительность. Мощный двухъядерный процессор 1,5 ГГц Qualcomm Snapdragon MSM8260 гарантирует быстродействие любых игр и приложений.\r\nПревосходное качество изображения. 4,3-дюймовый HD 1280*720p экран Reality Display с технологией Mobile BRAVIA Engine обеспечивает потрясающие впечатления от просмотра изображений и видео с высоким разрешением.</p>\r\n\r\n<p>Удобство подключения к другим устройствам. Беспроводная связь на малых расстояниях (NFC) позволяет легко обмениваться информацией с другими пользователями и открывает доступ к многочисленным NFC-приложениям и услугам. Xperia S можно подключить к телевизору посредством Wi-Fi, DLNA, HDMI, а также использовать BRAVIA Sync для управления смартфоном с пульта ДУ телевизора.</p>\r\n				\r\n				\r\n<div class=\"tech-harakt\">\r\n					<h3>Технические характеристики</h3>\r\n\r\n<h4>Связь</h4>\r\n<ul>\r\n<li> - 3G  : Есть </li>\r\n<li> - EDGE  : Есть </li>\r\n<li> - Wi-Fi  : Есть (802.11 b/g/n)</li> \r\n</ul>\r\n\r\n<h4>Дисплей</h4>\r\n<ul>\r\n<li> - Тип дисплея  : TFT с LED подсветкой</li> \r\n<li> - Разрешение дисплея (пикс)  : 1280x720</li> \r\n<li> - Диагональ дисплея (дюйм)  : 4.3 </li>\r\n<li> - Сенсорный экран  : Есть </li>\r\n</ul>\r\n\r\n<h4>Система</h4>\r\n<ul>\r\n<li> - GPS-навигация  : Есть </li>\r\n<li> - Операционная система  : Android v2.3 </li>\r\n<li> - Частота проц. (МГц) : 1500 (Dual-core Qualcomm MSM8260 Snapdragon) </li>\r\n</ul>\r\n\r\n<h4>Мультимедиа</h4>\r\n<ul>\r\n<li> - Фотокамера : 12,1 Mпикс </li>\r\n<li> - Аудиоплеер : да </li>\r\n<li> - FM - радио : да </li>\r\n</ul>\r\n\r\n<h4>Корпус</h4>\r\n<ul>\r\n<li> - Тип корпуса : Классический </li>\r\n</ul>\r\n\r\n<h4>Память</h4>\r\n<ul>\r\n<li> - Встроенная память (Мб) : 32000</li>\r\n</ul>\r\n</div>','1','0','0','0',22000,'2012-09-22',''),(23,'Nokia 6700c-1 chrome','Ключевики','Описание','phone-index.jpg',14,'<p>Футуристичный смартфон Sony Xperia S под управлением ОС Android 2.3 Gingerbread с возможностью обновления до версии 4.0 Ice Cream Sandwich – первый из серии Xperia NXT, линейки смартфонов нового поколения.</p> \r\n\r\n<p>В нем объединились новейшие технологии и лучшие разработки Sony, достойный функционал и минималистичный дизайн.</p>','<p>Футуристичный смартфон Sony Xperia S под управлением ОС Android 2.3 Gingerbread с возможностью обновления до версии 4.0 Ice Cream Sandwich – первый из серии Xperia NXT, линейки смартфонов нового поколения. В нем объединились новейшие технологии и лучшие разработки Sony, достойный функционал и минималистичный дизайн.</p> \r\n\r\n<p>Высокая производительность. Мощный двухъядерный процессор 1,5 ГГц Qualcomm Snapdragon MSM8260 гарантирует быстродействие любых игр и приложений.\r\nПревосходное качество изображения. 4,3-дюймовый HD 1280*720p экран Reality Display с технологией Mobile BRAVIA Engine обеспечивает потрясающие впечатления от просмотра изображений и видео с высоким разрешением.</p>\r\n\r\n<p>Удобство подключения к другим устройствам. Беспроводная связь на малых расстояниях (NFC) позволяет легко обмениваться информацией с другими пользователями и открывает доступ к многочисленным NFC-приложениям и услугам. Xperia S можно подключить к телевизору посредством Wi-Fi, DLNA, HDMI, а также использовать BRAVIA Sync для управления смартфоном с пульта ДУ телевизора.</p>\r\n				\r\n				\r\n<div class=\"tech-harakt\">\r\n					<h3>Технические характеристики</h3>\r\n\r\n<h4>Связь</h4>\r\n<ul>\r\n<li> - 3G  : Есть </li>\r\n<li> - EDGE  : Есть </li>\r\n<li> - Wi-Fi  : Есть (802.11 b/g/n)</li> \r\n</ul>\r\n\r\n<h4>Дисплей</h4>\r\n<ul>\r\n<li> - Тип дисплея  : TFT с LED подсветкой</li> \r\n<li> - Разрешение дисплея (пикс)  : 1280x720</li> \r\n<li> - Диагональ дисплея (дюйм)  : 4.3 </li>\r\n<li> - Сенсорный экран  : Есть </li>\r\n</ul>\r\n\r\n<h4>Система</h4>\r\n<ul>\r\n<li> - GPS-навигация  : Есть </li>\r\n<li> - Операционная система  : Android v2.3 </li>\r\n<li> - Частота проц. (МГц) : 1500 (Dual-core Qualcomm MSM8260 Snapdragon) </li>\r\n</ul>\r\n\r\n<h4>Мультимедиа</h4>\r\n<ul>\r\n<li> - Фотокамера : 12,1 Mпикс </li>\r\n<li> - Аудиоплеер : да </li>\r\n<li> - FM - радио : да </li>\r\n</ul>\r\n\r\n<h4>Корпус</h4>\r\n<ul>\r\n<li> - Тип корпуса : Классический </li>\r\n</ul>\r\n\r\n<h4>Память</h4>\r\n<ul>\r\n<li> - Встроенная память (Мб) : 32000</li>\r\n</ul>\r\n</div>','1','0','1','1',23000,'2012-09-23',''),(24,'Nokia X2-03 ocean blue','Ключевики','Описание','phone-index.jpg',13,'<p>Футуристичный смартфон Sony Xperia S под управлением ОС Android 2.3 Gingerbread с возможностью обновления до версии 4.0 Ice Cream Sandwich – первый из серии Xperia NXT, линейки смартфонов нового поколения.</p> \r\n\r\n<p>В нем объединились новейшие технологии и лучшие разработки Sony, достойный функционал и минималистичный дизайн.</p>','<p>Футуристичный смартфон Sony Xperia S под управлением ОС Android 2.3 Gingerbread с возможностью обновления до версии 4.0 Ice Cream Sandwich – первый из серии Xperia NXT, линейки смартфонов нового поколения. В нем объединились новейшие технологии и лучшие разработки Sony, достойный функционал и минималистичный дизайн.</p> \r\n\r\n<p>Высокая производительность. Мощный двухъядерный процессор 1,5 ГГц Qualcomm Snapdragon MSM8260 гарантирует быстродействие любых игр и приложений.\r\nПревосходное качество изображения. 4,3-дюймовый HD 1280*720p экран Reality Display с технологией Mobile BRAVIA Engine обеспечивает потрясающие впечатления от просмотра изображений и видео с высоким разрешением.</p>\r\n\r\n<p>Удобство подключения к другим устройствам. Беспроводная связь на малых расстояниях (NFC) позволяет легко обмениваться информацией с другими пользователями и открывает доступ к многочисленным NFC-приложениям и услугам. Xperia S можно подключить к телевизору посредством Wi-Fi, DLNA, HDMI, а также использовать BRAVIA Sync для управления смартфоном с пульта ДУ телевизора.</p>\r\n				\r\n				\r\n<div class=\"tech-harakt\">\r\n					<h3>Технические характеристики</h3>\r\n\r\n<h4>Связь</h4>\r\n<ul>\r\n<li> - 3G  : Есть </li>\r\n<li> - EDGE  : Есть </li>\r\n<li> - Wi-Fi  : Есть (802.11 b/g/n)</li> \r\n</ul>\r\n\r\n<h4>Дисплей</h4>\r\n<ul>\r\n<li> - Тип дисплея  : TFT с LED подсветкой</li> \r\n<li> - Разрешение дисплея (пикс)  : 1280x720</li> \r\n<li> - Диагональ дисплея (дюйм)  : 4.3 </li>\r\n<li> - Сенсорный экран  : Есть </li>\r\n</ul>\r\n\r\n<h4>Система</h4>\r\n<ul>\r\n<li> - GPS-навигация  : Есть </li>\r\n<li> - Операционная система  : Android v2.3 </li>\r\n<li> - Частота проц. (МГц) : 1500 (Dual-core Qualcomm MSM8260 Snapdragon) </li>\r\n</ul>\r\n\r\n<h4>Мультимедиа</h4>\r\n<ul>\r\n<li> - Фотокамера : 12,1 Mпикс </li>\r\n<li> - Аудиоплеер : да </li>\r\n<li> - FM - радио : да </li>\r\n</ul>\r\n\r\n<h4>Корпус</h4>\r\n<ul>\r\n<li> - Тип корпуса : Классический </li>\r\n</ul>\r\n\r\n<h4>Память</h4>\r\n<ul>\r\n<li> - Встроенная память (Мб) : 32000</li>\r\n</ul>\r\n</div>','1','0','0','0',24000,'2012-09-24',''),(25,'Nokia 101','Ключевики','Описание','phone-index.jpg',13,'<p>Футуристичный смартфон Sony Xperia S под управлением ОС Android 2.3 Gingerbread с возможностью обновления до версии 4.0 Ice Cream Sandwich – первый из серии Xperia NXT, линейки смартфонов нового поколения.</p> \r\n\r\n<p>В нем объединились новейшие технологии и лучшие разработки Sony, достойный функционал и минималистичный дизайн.</p>','<p>Футуристичный смартфон Sony Xperia S под управлением ОС Android 2.3 Gingerbread с возможностью обновления до версии 4.0 Ice Cream Sandwich – первый из серии Xperia NXT, линейки смартфонов нового поколения. В нем объединились новейшие технологии и лучшие разработки Sony, достойный функционал и минималистичный дизайн.</p> \r\n\r\n<p>Высокая производительность. Мощный двухъядерный процессор 1,5 ГГц Qualcomm Snapdragon MSM8260 гарантирует быстродействие любых игр и приложений.\r\nПревосходное качество изображения. 4,3-дюймовый HD 1280*720p экран Reality Display с технологией Mobile BRAVIA Engine обеспечивает потрясающие впечатления от просмотра изображений и видео с высоким разрешением.</p>\r\n\r\n<p>Удобство подключения к другим устройствам. Беспроводная связь на малых расстояниях (NFC) позволяет легко обмениваться информацией с другими пользователями и открывает доступ к многочисленным NFC-приложениям и услугам. Xperia S можно подключить к телевизору посредством Wi-Fi, DLNA, HDMI, а также использовать BRAVIA Sync для управления смартфоном с пульта ДУ телевизора.</p>\r\n				\r\n				\r\n<div class=\"tech-harakt\">\r\n					<h3>Технические характеристики</h3>\r\n\r\n<h4>Связь</h4>\r\n<ul>\r\n<li> - 3G  : Есть </li>\r\n<li> - EDGE  : Есть </li>\r\n<li> - Wi-Fi  : Есть (802.11 b/g/n)</li> \r\n</ul>\r\n\r\n<h4>Дисплей</h4>\r\n<ul>\r\n<li> - Тип дисплея  : TFT с LED подсветкой</li> \r\n<li> - Разрешение дисплея (пикс)  : 1280x720</li> \r\n<li> - Диагональ дисплея (дюйм)  : 4.3 </li>\r\n<li> - Сенсорный экран  : Есть </li>\r\n</ul>\r\n\r\n<h4>Система</h4>\r\n<ul>\r\n<li> - GPS-навигация  : Есть </li>\r\n<li> - Операционная система  : Android v2.3 </li>\r\n<li> - Частота проц. (МГц) : 1500 (Dual-core Qualcomm MSM8260 Snapdragon) </li>\r\n</ul>\r\n\r\n<h4>Мультимедиа</h4>\r\n<ul>\r\n<li> - Фотокамера : 12,1 Mпикс </li>\r\n<li> - Аудиоплеер : да </li>\r\n<li> - FM - радио : да </li>\r\n</ul>\r\n\r\n<h4>Корпус</h4>\r\n<ul>\r\n<li> - Тип корпуса : Классический </li>\r\n</ul>\r\n\r\n<h4>Память</h4>\r\n<ul>\r\n<li> - Встроенная память (Мб) : 32000</li>\r\n</ul>\r\n</div>','1','1','0','1',25000,'2012-09-25',''),(26,'Nokia X2-03 dark silver','Ключевики','Описание','phone-index.jpg',14,'<p>Футуристичный смартфон Sony Xperia S под управлением ОС Android 2.3 Gingerbread с возможностью обновления до версии 4.0 Ice Cream Sandwich – первый из серии Xperia NXT, линейки смартфонов нового поколения.</p> \r\n\r\n<p>В нем объединились новейшие технологии и лучшие разработки Sony, достойный функционал и минималистичный дизайн.</p>','<p>Футуристичный смартфон Sony Xperia S под управлением ОС Android 2.3 Gingerbread с возможностью обновления до версии 4.0 Ice Cream Sandwich – первый из серии Xperia NXT, линейки смартфонов нового поколения. В нем объединились новейшие технологии и лучшие разработки Sony, достойный функционал и минималистичный дизайн.</p> \r\n\r\n<p>Высокая производительность. Мощный двухъядерный процессор 1,5 ГГц Qualcomm Snapdragon MSM8260 гарантирует быстродействие любых игр и приложений.\r\nПревосходное качество изображения. 4,3-дюймовый HD 1280*720p экран Reality Display с технологией Mobile BRAVIA Engine обеспечивает потрясающие впечатления от просмотра изображений и видео с высоким разрешением.</p>\r\n\r\n<p>Удобство подключения к другим устройствам. Беспроводная связь на малых расстояниях (NFC) позволяет легко обмениваться информацией с другими пользователями и открывает доступ к многочисленным NFC-приложениям и услугам. Xperia S можно подключить к телевизору посредством Wi-Fi, DLNA, HDMI, а также использовать BRAVIA Sync для управления смартфоном с пульта ДУ телевизора.</p>\r\n				\r\n				\r\n<div class=\"tech-harakt\">\r\n					<h3>Технические характеристики</h3>\r\n\r\n<h4>Связь</h4>\r\n<ul>\r\n<li> - 3G  : Есть </li>\r\n<li> - EDGE  : Есть </li>\r\n<li> - Wi-Fi  : Есть (802.11 b/g/n)</li> \r\n</ul>\r\n\r\n<h4>Дисплей</h4>\r\n<ul>\r\n<li> - Тип дисплея  : TFT с LED подсветкой</li> \r\n<li> - Разрешение дисплея (пикс)  : 1280x720</li> \r\n<li> - Диагональ дисплея (дюйм)  : 4.3 </li>\r\n<li> - Сенсорный экран  : Есть </li>\r\n</ul>\r\n\r\n<h4>Система</h4>\r\n<ul>\r\n<li> - GPS-навигация  : Есть </li>\r\n<li> - Операционная система  : Android v2.3 </li>\r\n<li> - Частота проц. (МГц) : 1500 (Dual-core Qualcomm MSM8260 Snapdragon) </li>\r\n</ul>\r\n\r\n<h4>Мультимедиа</h4>\r\n<ul>\r\n<li> - Фотокамера : 12,1 Mпикс </li>\r\n<li> - Аудиоплеер : да </li>\r\n<li> - FM - радио : да </li>\r\n</ul>\r\n\r\n<h4>Корпус</h4>\r\n<ul>\r\n<li> - Тип корпуса : Классический </li>\r\n</ul>\r\n\r\n<h4>Память</h4>\r\n<ul>\r\n<li> - Встроенная память (Мб) : 32000</li>\r\n</ul>\r\n</div>','1','1','1','1',26000,'2012-09-26',''),(27,'Nokia 112 White','Ключевики','Описание','phone-index.jpg',13,'<p>Футуристичный смартфон Sony Xperia S под управлением ОС Android 2.3 Gingerbread с возможностью обновления до версии 4.0 Ice Cream Sandwich – первый из серии Xperia NXT, линейки смартфонов нового поколения.</p> \r\n\r\n<p>В нем объединились новейшие технологии и лучшие разработки Sony, достойный функционал и минималистичный дизайн.</p>','<p>Футуристичный смартфон Sony Xperia S под управлением ОС Android 2.3 Gingerbread с возможностью обновления до версии 4.0 Ice Cream Sandwich – первый из серии Xperia NXT, линейки смартфонов нового поколения. В нем объединились новейшие технологии и лучшие разработки Sony, достойный функционал и минималистичный дизайн.</p> \r\n\r\n<p>Высокая производительность. Мощный двухъядерный процессор 1,5 ГГц Qualcomm Snapdragon MSM8260 гарантирует быстродействие любых игр и приложений.\r\nПревосходное качество изображения. 4,3-дюймовый HD 1280*720p экран Reality Display с технологией Mobile BRAVIA Engine обеспечивает потрясающие впечатления от просмотра изображений и видео с высоким разрешением.</p>\r\n\r\n<p>Удобство подключения к другим устройствам. Беспроводная связь на малых расстояниях (NFC) позволяет легко обмениваться информацией с другими пользователями и открывает доступ к многочисленным NFC-приложениям и услугам. Xperia S можно подключить к телевизору посредством Wi-Fi, DLNA, HDMI, а также использовать BRAVIA Sync для управления смартфоном с пульта ДУ телевизора.</p>\r\n				\r\n				\r\n<div class=\"tech-harakt\">\r\n					<h3>Технические характеристики</h3>\r\n\r\n<h4>Связь</h4>\r\n<ul>\r\n<li> - 3G  : Есть </li>\r\n<li> - EDGE  : Есть </li>\r\n<li> - Wi-Fi  : Есть (802.11 b/g/n)</li> \r\n</ul>\r\n\r\n<h4>Дисплей</h4>\r\n<ul>\r\n<li> - Тип дисплея  : TFT с LED подсветкой</li> \r\n<li> - Разрешение дисплея (пикс)  : 1280x720</li> \r\n<li> - Диагональ дисплея (дюйм)  : 4.3 </li>\r\n<li> - Сенсорный экран  : Есть </li>\r\n</ul>\r\n\r\n<h4>Система</h4>\r\n<ul>\r\n<li> - GPS-навигация  : Есть </li>\r\n<li> - Операционная система  : Android v2.3 </li>\r\n<li> - Частота проц. (МГц) : 1500 (Dual-core Qualcomm MSM8260 Snapdragon) </li>\r\n</ul>\r\n\r\n<h4>Мультимедиа</h4>\r\n<ul>\r\n<li> - Фотокамера : 12,1 Mпикс </li>\r\n<li> - Аудиоплеер : да </li>\r\n<li> - FM - радио : да </li>\r\n</ul>\r\n\r\n<h4>Корпус</h4>\r\n<ul>\r\n<li> - Тип корпуса : Классический </li>\r\n</ul>\r\n\r\n<h4>Память</h4>\r\n<ul>\r\n<li> - Встроенная память (Мб) : 32000</li>\r\n</ul>\r\n</div>','1','0','0','1',27000,'2012-09-27',''),(28,'Nokia Asha 305 Red','Ключевики','Описание','phone-index.jpg',13,'<p>Футуристичный смартфон Sony Xperia S под управлением ОС Android 2.3 Gingerbread с возможностью обновления до версии 4.0 Ice Cream Sandwich – первый из серии Xperia NXT, линейки смартфонов нового поколения.</p> \r\n\r\n<p>В нем объединились новейшие технологии и лучшие разработки Sony, достойный функционал и минималистичный дизайн.</p>','<p>Футуристичный смартфон Sony Xperia S под управлением ОС Android 2.3 Gingerbread с возможностью обновления до версии 4.0 Ice Cream Sandwich – первый из серии Xperia NXT, линейки смартфонов нового поколения. В нем объединились новейшие технологии и лучшие разработки Sony, достойный функционал и минималистичный дизайн.</p> \r\n\r\n<p>Высокая производительность. Мощный двухъядерный процессор 1,5 ГГц Qualcomm Snapdragon MSM8260 гарантирует быстродействие любых игр и приложений.\r\nПревосходное качество изображения. 4,3-дюймовый HD 1280*720p экран Reality Display с технологией Mobile BRAVIA Engine обеспечивает потрясающие впечатления от просмотра изображений и видео с высоким разрешением.</p>\r\n\r\n<p>Удобство подключения к другим устройствам. Беспроводная связь на малых расстояниях (NFC) позволяет легко обмениваться информацией с другими пользователями и открывает доступ к многочисленным NFC-приложениям и услугам. Xperia S можно подключить к телевизору посредством Wi-Fi, DLNA, HDMI, а также использовать BRAVIA Sync для управления смартфоном с пульта ДУ телевизора.</p>\r\n				\r\n				\r\n<div class=\"tech-harakt\">\r\n					<h3>Технические характеристики</h3>\r\n\r\n<h4>Связь</h4>\r\n<ul>\r\n<li> - 3G  : Есть </li>\r\n<li> - EDGE  : Есть </li>\r\n<li> - Wi-Fi  : Есть (802.11 b/g/n)</li> \r\n</ul>\r\n\r\n<h4>Дисплей</h4>\r\n<ul>\r\n<li> - Тип дисплея  : TFT с LED подсветкой</li> \r\n<li> - Разрешение дисплея (пикс)  : 1280x720</li> \r\n<li> - Диагональ дисплея (дюйм)  : 4.3 </li>\r\n<li> - Сенсорный экран  : Есть </li>\r\n</ul>\r\n\r\n<h4>Система</h4>\r\n<ul>\r\n<li> - GPS-навигация  : Есть </li>\r\n<li> - Операционная система  : Android v2.3 </li>\r\n<li> - Частота проц. (МГц) : 1500 (Dual-core Qualcomm MSM8260 Snapdragon) </li>\r\n</ul>\r\n\r\n<h4>Мультимедиа</h4>\r\n<ul>\r\n<li> - Фотокамера : 12,1 Mпикс </li>\r\n<li> - Аудиоплеер : да </li>\r\n<li> - FM - радио : да </li>\r\n</ul>\r\n\r\n<h4>Корпус</h4>\r\n<ul>\r\n<li> - Тип корпуса : Классический </li>\r\n</ul>\r\n\r\n<h4>Память</h4>\r\n<ul>\r\n<li> - Встроенная память (Мб) : 32000</li>\r\n</ul>\r\n</div>','1','0','0','0',28000,'2012-09-28',''),(29,'Nokia C3-00 ','Ключевики','Описание','phone-index.jpg',14,'<p>Футуристичный смартфон Sony Xperia S под управлением ОС Android 2.3 Gingerbread с возможностью обновления до версии 4.0 Ice Cream Sandwich – первый из серии Xperia NXT, линейки смартфонов нового поколения.</p> \r\n\r\n<p>В нем объединились новейшие технологии и лучшие разработки Sony, достойный функционал и минималистичный дизайн.</p>','<p>Футуристичный смартфон Sony Xperia S под управлением ОС Android 2.3 Gingerbread с возможностью обновления до версии 4.0 Ice Cream Sandwich – первый из серии Xperia NXT, линейки смартфонов нового поколения. В нем объединились новейшие технологии и лучшие разработки Sony, достойный функционал и минималистичный дизайн.</p> \r\n\r\n<p>Высокая производительность. Мощный двухъядерный процессор 1,5 ГГц Qualcomm Snapdragon MSM8260 гарантирует быстродействие любых игр и приложений.\r\nПревосходное качество изображения. 4,3-дюймовый HD 1280*720p экран Reality Display с технологией Mobile BRAVIA Engine обеспечивает потрясающие впечатления от просмотра изображений и видео с высоким разрешением.</p>\r\n\r\n<p>Удобство подключения к другим устройствам. Беспроводная связь на малых расстояниях (NFC) позволяет легко обмениваться информацией с другими пользователями и открывает доступ к многочисленным NFC-приложениям и услугам. Xperia S можно подключить к телевизору посредством Wi-Fi, DLNA, HDMI, а также использовать BRAVIA Sync для управления смартфоном с пульта ДУ телевизора.</p>\r\n				\r\n				\r\n<div class=\"tech-harakt\">\r\n					<h3>Технические характеристики</h3>\r\n\r\n<h4>Связь</h4>\r\n<ul>\r\n<li> - 3G  : Есть </li>\r\n<li> - EDGE  : Есть </li>\r\n<li> - Wi-Fi  : Есть (802.11 b/g/n)</li> \r\n</ul>\r\n\r\n<h4>Дисплей</h4>\r\n<ul>\r\n<li> - Тип дисплея  : TFT с LED подсветкой</li> \r\n<li> - Разрешение дисплея (пикс)  : 1280x720</li> \r\n<li> - Диагональ дисплея (дюйм)  : 4.3 </li>\r\n<li> - Сенсорный экран  : Есть </li>\r\n</ul>\r\n\r\n<h4>Система</h4>\r\n<ul>\r\n<li> - GPS-навигация  : Есть </li>\r\n<li> - Операционная система  : Android v2.3 </li>\r\n<li> - Частота проц. (МГц) : 1500 (Dual-core Qualcomm MSM8260 Snapdragon) </li>\r\n</ul>\r\n\r\n<h4>Мультимедиа</h4>\r\n<ul>\r\n<li> - Фотокамера : 12,1 Mпикс </li>\r\n<li> - Аудиоплеер : да </li>\r\n<li> - FM - радио : да </li>\r\n</ul>\r\n\r\n<h4>Корпус</h4>\r\n<ul>\r\n<li> - Тип корпуса : Классический </li>\r\n</ul>\r\n\r\n<h4>Память</h4>\r\n<ul>\r\n<li> - Встроенная память (Мб) : 32000</li>\r\n</ul>\r\n</div>','1','0','1','0',29000,'2012-09-29',''),(30,'Nokia C3-01.5 silver','Ключевики','Описание','phone-index.jpg',14,'<p>Футуристичный смартфон Sony Xperia S под управлением ОС Android 2.3 Gingerbread с возможностью обновления до версии 4.0 Ice Cream Sandwich – первый из серии Xperia NXT, линейки смартфонов нового поколения.</p> \r\n\r\n<p>В нем объединились новейшие технологии и лучшие разработки Sony, достойный функционал и минималистичный дизайн.</p>','<p>Футуристичный смартфон Sony Xperia S под управлением ОС Android 2.3 Gingerbread с возможностью обновления до версии 4.0 Ice Cream Sandwich – первый из серии Xperia NXT, линейки смартфонов нового поколения. В нем объединились новейшие технологии и лучшие разработки Sony, достойный функционал и минималистичный дизайн.</p> \r\n\r\n<p>Высокая производительность. Мощный двухъядерный процессор 1,5 ГГц Qualcomm Snapdragon MSM8260 гарантирует быстродействие любых игр и приложений.\r\nПревосходное качество изображения. 4,3-дюймовый HD 1280*720p экран Reality Display с технологией Mobile BRAVIA Engine обеспечивает потрясающие впечатления от просмотра изображений и видео с высоким разрешением.</p>\r\n\r\n<p>Удобство подключения к другим устройствам. Беспроводная связь на малых расстояниях (NFC) позволяет легко обмениваться информацией с другими пользователями и открывает доступ к многочисленным NFC-приложениям и услугам. Xperia S можно подключить к телевизору посредством Wi-Fi, DLNA, HDMI, а также использовать BRAVIA Sync для управления смартфоном с пульта ДУ телевизора.</p>\r\n				\r\n				\r\n<div class=\"tech-harakt\">\r\n					<h3>Технические характеристики</h3>\r\n\r\n<h4>Связь</h4>\r\n<ul>\r\n<li> - 3G  : Есть </li>\r\n<li> - EDGE  : Есть </li>\r\n<li> - Wi-Fi  : Есть (802.11 b/g/n)</li> \r\n</ul>\r\n\r\n<h4>Дисплей</h4>\r\n<ul>\r\n<li> - Тип дисплея  : TFT с LED подсветкой</li> \r\n<li> - Разрешение дисплея (пикс)  : 1280x720</li> \r\n<li> - Диагональ дисплея (дюйм)  : 4.3 </li>\r\n<li> - Сенсорный экран  : Есть </li>\r\n</ul>\r\n\r\n<h4>Система</h4>\r\n<ul>\r\n<li> - GPS-навигация  : Есть </li>\r\n<li> - Операционная система  : Android v2.3 </li>\r\n<li> - Частота проц. (МГц) : 1500 (Dual-core Qualcomm MSM8260 Snapdragon) </li>\r\n</ul>\r\n\r\n<h4>Мультимедиа</h4>\r\n<ul>\r\n<li> - Фотокамера : 12,1 Mпикс </li>\r\n<li> - Аудиоплеер : да </li>\r\n<li> - FM - радио : да </li>\r\n</ul>\r\n\r\n<h4>Корпус</h4>\r\n<ul>\r\n<li> - Тип корпуса : Классический </li>\r\n</ul>\r\n\r\n<h4>Память</h4>\r\n<ul>\r\n<li> - Встроенная память (Мб) : 32000</li>\r\n</ul>\r\n</div>','1','0','1','0',30000,'2012-09-30',''),(31,'Nokia Asha 305 Silver White','Ключевики','Описание','phone-index.jpg',13,'<p>Футуристичный смартфон Sony Xperia S под управлением ОС Android 2.3 Gingerbread с возможностью обновления до версии 4.0 Ice Cream Sandwich – первый из серии Xperia NXT, линейки смартфонов нового поколения.</p> \r\n\r\n<p>В нем объединились новейшие технологии и лучшие разработки Sony, достойный функционал и минималистичный дизайн.</p>','<p>Футуристичный смартфон Sony Xperia S под управлением ОС Android 2.3 Gingerbread с возможностью обновления до версии 4.0 Ice Cream Sandwich – первый из серии Xperia NXT, линейки смартфонов нового поколения. В нем объединились новейшие технологии и лучшие разработки Sony, достойный функционал и минималистичный дизайн.</p> \r\n\r\n<p>Высокая производительность. Мощный двухъядерный процессор 1,5 ГГц Qualcomm Snapdragon MSM8260 гарантирует быстродействие любых игр и приложений.\r\nПревосходное качество изображения. 4,3-дюймовый HD 1280*720p экран Reality Display с технологией Mobile BRAVIA Engine обеспечивает потрясающие впечатления от просмотра изображений и видео с высоким разрешением.</p>\r\n\r\n<p>Удобство подключения к другим устройствам. Беспроводная связь на малых расстояниях (NFC) позволяет легко обмениваться информацией с другими пользователями и открывает доступ к многочисленным NFC-приложениям и услугам. Xperia S можно подключить к телевизору посредством Wi-Fi, DLNA, HDMI, а также использовать BRAVIA Sync для управления смартфоном с пульта ДУ телевизора.</p>\r\n				\r\n				\r\n<div class=\"tech-harakt\">\r\n					<h3>Технические характеристики</h3>\r\n\r\n<h4>Связь</h4>\r\n<ul>\r\n<li> - 3G  : Есть </li>\r\n<li> - EDGE  : Есть </li>\r\n<li> - Wi-Fi  : Есть (802.11 b/g/n)</li> \r\n</ul>\r\n\r\n<h4>Дисплей</h4>\r\n<ul>\r\n<li> - Тип дисплея  : TFT с LED подсветкой</li> \r\n<li> - Разрешение дисплея (пикс)  : 1280x720</li> \r\n<li> - Диагональ дисплея (дюйм)  : 4.3 </li>\r\n<li> - Сенсорный экран  : Есть </li>\r\n</ul>\r\n\r\n<h4>Система</h4>\r\n<ul>\r\n<li> - GPS-навигация  : Есть </li>\r\n<li> - Операционная система  : Android v2.3 </li>\r\n<li> - Частота проц. (МГц) : 1500 (Dual-core Qualcomm MSM8260 Snapdragon) </li>\r\n</ul>\r\n\r\n<h4>Мультимедиа</h4>\r\n<ul>\r\n<li> - Фотокамера : 12,1 Mпикс </li>\r\n<li> - Аудиоплеер : да </li>\r\n<li> - FM - радио : да </li>\r\n</ul>\r\n\r\n<h4>Корпус</h4>\r\n<ul>\r\n<li> - Тип корпуса : Классический </li>\r\n</ul>\r\n\r\n<h4>Память</h4>\r\n<ul>\r\n<li> - Встроенная память (Мб) : 32000</li>\r\n</ul>\r\n</div>','1','0','1','0',31000,'2012-10-01',''),(32,'Nokia Asha 200 Green','Ключевики','Описание','phone-index.jpg',13,'<p>Футуристичный смартфон Sony Xperia S под управлением ОС Android 2.3 Gingerbread с возможностью обновления до версии 4.0 Ice Cream Sandwich – первый из серии Xperia NXT, линейки смартфонов нового поколения.</p> \r\n\r\n<p>В нем объединились новейшие технологии и лучшие разработки Sony, достойный функционал и минималистичный дизайн.</p>','<p>Футуристичный смартфон Sony Xperia S под управлением ОС Android 2.3 Gingerbread с возможностью обновления до версии 4.0 Ice Cream Sandwich – первый из серии Xperia NXT, линейки смартфонов нового поколения. В нем объединились новейшие технологии и лучшие разработки Sony, достойный функционал и минималистичный дизайн.</p> \r\n\r\n<p>Высокая производительность. Мощный двухъядерный процессор 1,5 ГГц Qualcomm Snapdragon MSM8260 гарантирует быстродействие любых игр и приложений.\r\nПревосходное качество изображения. 4,3-дюймовый HD 1280*720p экран Reality Display с технологией Mobile BRAVIA Engine обеспечивает потрясающие впечатления от просмотра изображений и видео с высоким разрешением.</p>\r\n\r\n<p>Удобство подключения к другим устройствам. Беспроводная связь на малых расстояниях (NFC) позволяет легко обмениваться информацией с другими пользователями и открывает доступ к многочисленным NFC-приложениям и услугам. Xperia S можно подключить к телевизору посредством Wi-Fi, DLNA, HDMI, а также использовать BRAVIA Sync для управления смартфоном с пульта ДУ телевизора.</p>\r\n				\r\n				\r\n<div class=\"tech-harakt\">\r\n					<h3>Технические характеристики</h3>\r\n\r\n<h4>Связь</h4>\r\n<ul>\r\n<li> - 3G  : Есть </li>\r\n<li> - EDGE  : Есть </li>\r\n<li> - Wi-Fi  : Есть (802.11 b/g/n)</li> \r\n</ul>\r\n\r\n<h4>Дисплей</h4>\r\n<ul>\r\n<li> - Тип дисплея  : TFT с LED подсветкой</li> \r\n<li> - Разрешение дисплея (пикс)  : 1280x720</li> \r\n<li> - Диагональ дисплея (дюйм)  : 4.3 </li>\r\n<li> - Сенсорный экран  : Есть </li>\r\n</ul>\r\n\r\n<h4>Система</h4>\r\n<ul>\r\n<li> - GPS-навигация  : Есть </li>\r\n<li> - Операционная система  : Android v2.3 </li>\r\n<li> - Частота проц. (МГц) : 1500 (Dual-core Qualcomm MSM8260 Snapdragon) </li>\r\n</ul>\r\n\r\n<h4>Мультимедиа</h4>\r\n<ul>\r\n<li> - Фотокамера : 12,1 Mпикс </li>\r\n<li> - Аудиоплеер : да </li>\r\n<li> - FM - радио : да </li>\r\n</ul>\r\n\r\n<h4>Корпус</h4>\r\n<ul>\r\n<li> - Тип корпуса : Классический </li>\r\n</ul>\r\n\r\n<h4>Память</h4>\r\n<ul>\r\n<li> - Встроенная память (Мб) : 32000</li>\r\n</ul>\r\n</div>','1','0','1','0',32000,'2012-10-02',''),(33,'Nokia X2-02 ocean blue','Ключевики','Описание','phone-index.jpg',13,'<p>Футуристичный смартфон Sony Xperia S под управлением ОС Android 2.3 Gingerbread с возможностью обновления до версии 4.0 Ice Cream Sandwich – первый из серии Xperia NXT, линейки смартфонов нового поколения.</p> \r\n\r\n<p>В нем объединились новейшие технологии и лучшие разработки Sony, достойный функционал и минималистичный дизайн.</p>','<p>Футуристичный смартфон Sony Xperia S под управлением ОС Android 2.3 Gingerbread с возможностью обновления до версии 4.0 Ice Cream Sandwich – первый из серии Xperia NXT, линейки смартфонов нового поколения. В нем объединились новейшие технологии и лучшие разработки Sony, достойный функционал и минималистичный дизайн.</p> \r\n\r\n<p>Высокая производительность. Мощный двухъядерный процессор 1,5 ГГц Qualcomm Snapdragon MSM8260 гарантирует быстродействие любых игр и приложений.\r\nПревосходное качество изображения. 4,3-дюймовый HD 1280*720p экран Reality Display с технологией Mobile BRAVIA Engine обеспечивает потрясающие впечатления от просмотра изображений и видео с высоким разрешением.</p>\r\n\r\n<p>Удобство подключения к другим устройствам. Беспроводная связь на малых расстояниях (NFC) позволяет легко обмениваться информацией с другими пользователями и открывает доступ к многочисленным NFC-приложениям и услугам. Xperia S можно подключить к телевизору посредством Wi-Fi, DLNA, HDMI, а также использовать BRAVIA Sync для управления смартфоном с пульта ДУ телевизора.</p>\r\n				\r\n				\r\n<div class=\"tech-harakt\">\r\n					<h3>Технические характеристики</h3>\r\n\r\n<h4>Связь</h4>\r\n<ul>\r\n<li> - 3G  : Есть </li>\r\n<li> - EDGE  : Есть </li>\r\n<li> - Wi-Fi  : Есть (802.11 b/g/n)</li> \r\n</ul>\r\n\r\n<h4>Дисплей</h4>\r\n<ul>\r\n<li> - Тип дисплея  : TFT с LED подсветкой</li> \r\n<li> - Разрешение дисплея (пикс)  : 1280x720</li> \r\n<li> - Диагональ дисплея (дюйм)  : 4.3 </li>\r\n<li> - Сенсорный экран  : Есть </li>\r\n</ul>\r\n\r\n<h4>Система</h4>\r\n<ul>\r\n<li> - GPS-навигация  : Есть </li>\r\n<li> - Операционная система  : Android v2.3 </li>\r\n<li> - Частота проц. (МГц) : 1500 (Dual-core Qualcomm MSM8260 Snapdragon) </li>\r\n</ul>\r\n\r\n<h4>Мультимедиа</h4>\r\n<ul>\r\n<li> - Фотокамера : 12,1 Mпикс </li>\r\n<li> - Аудиоплеер : да </li>\r\n<li> - FM - радио : да </li>\r\n</ul>\r\n\r\n<h4>Корпус</h4>\r\n<ul>\r\n<li> - Тип корпуса : Классический </li>\r\n</ul>\r\n\r\n<h4>Память</h4>\r\n<ul>\r\n<li> - Встроенная память (Мб) : 32000</li>\r\n</ul>\r\n</div>','1','1','1','0',33000,'2012-10-03',''),(34,'Nokia X1-01 red','Ключевики','Описание','phone-index.jpg',13,'<p>Футуристичный смартфон Sony Xperia S под управлением ОС Android 2.3 Gingerbread с возможностью обновления до версии 4.0 Ice Cream Sandwich – первый из серии Xperia NXT, линейки смартфонов нового поколения.</p> \r\n\r\n<p>В нем объединились новейшие технологии и лучшие разработки Sony, достойный функционал и минималистичный дизайн.</p>','<p>Футуристичный смартфон Sony Xperia S под управлением ОС Android 2.3 Gingerbread с возможностью обновления до версии 4.0 Ice Cream Sandwich – первый из серии Xperia NXT, линейки смартфонов нового поколения. В нем объединились новейшие технологии и лучшие разработки Sony, достойный функционал и минималистичный дизайн.</p> \r\n\r\n<p>Высокая производительность. Мощный двухъядерный процессор 1,5 ГГц Qualcomm Snapdragon MSM8260 гарантирует быстродействие любых игр и приложений.\r\nПревосходное качество изображения. 4,3-дюймовый HD 1280*720p экран Reality Display с технологией Mobile BRAVIA Engine обеспечивает потрясающие впечатления от просмотра изображений и видео с высоким разрешением.</p>\r\n\r\n<p>Удобство подключения к другим устройствам. Беспроводная связь на малых расстояниях (NFC) позволяет легко обмениваться информацией с другими пользователями и открывает доступ к многочисленным NFC-приложениям и услугам. Xperia S можно подключить к телевизору посредством Wi-Fi, DLNA, HDMI, а также использовать BRAVIA Sync для управления смартфоном с пульта ДУ телевизора.</p>\r\n				\r\n				\r\n<div class=\"tech-harakt\">\r\n					<h3>Технические характеристики</h3>\r\n\r\n<h4>Связь</h4>\r\n<ul>\r\n<li> - 3G  : Есть </li>\r\n<li> - EDGE  : Есть </li>\r\n<li> - Wi-Fi  : Есть (802.11 b/g/n)</li> \r\n</ul>\r\n\r\n<h4>Дисплей</h4>\r\n<ul>\r\n<li> - Тип дисплея  : TFT с LED подсветкой</li> \r\n<li> - Разрешение дисплея (пикс)  : 1280x720</li> \r\n<li> - Диагональ дисплея (дюйм)  : 4.3 </li>\r\n<li> - Сенсорный экран  : Есть </li>\r\n</ul>\r\n\r\n<h4>Система</h4>\r\n<ul>\r\n<li> - GPS-навигация  : Есть </li>\r\n<li> - Операционная система  : Android v2.3 </li>\r\n<li> - Частота проц. (МГц) : 1500 (Dual-core Qualcomm MSM8260 Snapdragon) </li>\r\n</ul>\r\n\r\n<h4>Мультимедиа</h4>\r\n<ul>\r\n<li> - Фотокамера : 12,1 Mпикс </li>\r\n<li> - Аудиоплеер : да </li>\r\n<li> - FM - радио : да </li>\r\n</ul>\r\n\r\n<h4>Корпус</h4>\r\n<ul>\r\n<li> - Тип корпуса : Классический </li>\r\n</ul>\r\n\r\n<h4>Память</h4>\r\n<ul>\r\n<li> - Встроенная память (Мб) : 32000</li>\r\n</ul>\r\n</div>','1','0','1','1',34000,'2012-10-04',''),(35,'Nokia 1280','Ключевики','Описание','phone-index.jpg',13,'<p>Футуристичный смартфон Sony Xperia S под управлением ОС Android 2.3 Gingerbread с возможностью обновления до версии 4.0 Ice Cream Sandwich – первый из серии Xperia NXT, линейки смартфонов нового поколения.</p> \r\n\r\n<p>В нем объединились новейшие технологии и лучшие разработки Sony, достойный функционал и минималистичный дизайн.</p>','<p>Футуристичный смартфон Sony Xperia S под управлением ОС Android 2.3 Gingerbread с возможностью обновления до версии 4.0 Ice Cream Sandwich – первый из серии Xperia NXT, линейки смартфонов нового поколения. В нем объединились новейшие технологии и лучшие разработки Sony, достойный функционал и минималистичный дизайн.</p> \r\n\r\n<p>Высокая производительность. Мощный двухъядерный процессор 1,5 ГГц Qualcomm Snapdragon MSM8260 гарантирует быстродействие любых игр и приложений.\r\nПревосходное качество изображения. 4,3-дюймовый HD 1280*720p экран Reality Display с технологией Mobile BRAVIA Engine обеспечивает потрясающие впечатления от просмотра изображений и видео с высоким разрешением.</p>\r\n\r\n<p>Удобство подключения к другим устройствам. Беспроводная связь на малых расстояниях (NFC) позволяет легко обмениваться информацией с другими пользователями и открывает доступ к многочисленным NFC-приложениям и услугам. Xperia S можно подключить к телевизору посредством Wi-Fi, DLNA, HDMI, а также использовать BRAVIA Sync для управления смартфоном с пульта ДУ телевизора.</p>\r\n				\r\n				\r\n<div class=\"tech-harakt\">\r\n					<h3>Технические характеристики</h3>\r\n\r\n<h4>Связь</h4>\r\n<ul>\r\n<li> - 3G  : Есть </li>\r\n<li> - EDGE  : Есть </li>\r\n<li> - Wi-Fi  : Есть (802.11 b/g/n)</li> \r\n</ul>\r\n\r\n<h4>Дисплей</h4>\r\n<ul>\r\n<li> - Тип дисплея  : TFT с LED подсветкой</li> \r\n<li> - Разрешение дисплея (пикс)  : 1280x720</li> \r\n<li> - Диагональ дисплея (дюйм)  : 4.3 </li>\r\n<li> - Сенсорный экран  : Есть </li>\r\n</ul>\r\n\r\n<h4>Система</h4>\r\n<ul>\r\n<li> - GPS-навигация  : Есть </li>\r\n<li> - Операционная система  : Android v2.3 </li>\r\n<li> - Частота проц. (МГц) : 1500 (Dual-core Qualcomm MSM8260 Snapdragon) </li>\r\n</ul>\r\n\r\n<h4>Мультимедиа</h4>\r\n<ul>\r\n<li> - Фотокамера : 12,1 Mпикс </li>\r\n<li> - Аудиоплеер : да </li>\r\n<li> - FM - радио : да </li>\r\n</ul>\r\n\r\n<h4>Корпус</h4>\r\n<ul>\r\n<li> - Тип корпуса : Классический </li>\r\n</ul>\r\n\r\n<h4>Память</h4>\r\n<ul>\r\n<li> - Встроенная память (Мб) : 32000</li>\r\n</ul>\r\n</div>','1','1','1','0',35000,'2012-10-05','');
/*!40000 ALTER TABLE `goods` ENABLE KEYS */;
UNLOCK TABLES;

--
-- Table structure for table `orders`
--

DROP TABLE IF EXISTS `orders`;
/*!40101 SET @saved_cs_client     = @@character_set_client */;
/*!40101 SET character_set_client = utf8 */;
CREATE TABLE `orders` (
  `order_id` int(10) unsigned NOT NULL AUTO_INCREMENT,
  `customer_id` int(10) unsigned NOT NULL,
  `date` datetime NOT NULL,
  `dostavka_id` tinyint(3) unsigned NOT NULL,
  `status` enum('0','1') NOT NULL DEFAULT '0',
  `prim` text NOT NULL,
  PRIMARY KEY (`order_id`)
) ENGINE=MyISAM AUTO_INCREMENT=34 DEFAULT CHARSET=utf8;
/*!40101 SET character_set_client = @saved_cs_client */;

--
-- Dumping data for table `orders`
--

LOCK TABLES `orders` WRITE;
/*!40000 ALTER TABLE `orders` DISABLE KEYS */;
INSERT INTO `orders` VALUES (3,12,'2012-10-06 13:25:00',3,'0','Побыстрее, пожалуйста!'),(4,13,'2012-10-06 13:26:51',1,'0',''),(5,3,'2012-10-06 13:28:38',1,'0','Я Сидоров Сидор Сидорович ;)'),(6,15,'2012-10-08 21:22:01',1,'0','Просьба отправить побыстрее...'),(9,21,'2012-11-28 21:55:07',1,'0','\"\r\n\\\r\n\''),(33,1,'2019-04-12 02:35:20',1,'0','some text here...'),(32,1,'2019-04-12 02:34:54',1,'0','some text here...'),(31,1,'2019-04-12 02:33:56',1,'0','some text here...'),(30,1,'2019-04-12 02:28:24',1,'0','some text here...'),(29,1,'2019-04-12 02:17:58',1,'0','some text here...'),(28,1,'2019-04-12 02:17:46',1,'0','some text here...'),(27,1,'2019-04-12 02:15:55',1,'0','some text here...'),(26,1,'2019-04-12 02:14:22',1,'0','some text here...'),(25,1,'2019-04-12 02:13:43',1,'0','some text here...'),(24,1,'2019-04-12 02:10:01',1,'0','some text here...');
/*!40000 ALTER TABLE `orders` ENABLE KEYS */;
UNLOCK TABLES;

--
-- Table structure for table `pages`
--

DROP TABLE IF EXISTS `pages`;
/*!40101 SET @saved_cs_client     = @@character_set_client */;
/*!40101 SET character_set_client = utf8 */;
CREATE TABLE `pages` (
  `page_id` tinyint(3) unsigned NOT NULL AUTO_INCREMENT,
  `title` varchar(255) NOT NULL,
  `keywords` varchar(255) NOT NULL,
  `description` varchar(255) NOT NULL,
  `position` tinyint(3) unsigned NOT NULL DEFAULT '0',
  `text` text NOT NULL,
  PRIMARY KEY (`page_id`)
) ENGINE=MyISAM AUTO_INCREMENT=5 DEFAULT CHARSET=utf8;
/*!40101 SET character_set_client = @saved_cs_client */;

--
-- Dumping data for table `pages`
--

LOCK TABLES `pages` WRITE;
/*!40000 ALTER TABLE `pages` DISABLE KEYS */;
INSERT INTO `pages` VALUES (1,'О магазине','','',2,'<p>Some textSome textSome textSome textSome textSome textSome textSome textSome textSome textSome textSome textSome textSome textSome textSome textSome textSome textSome textSome textSome textSome textSome textSome textSome textSome textSome textSome textSome textSome textSome textSome textSome textSome textSome textSome textSome textSome textSome textSome textSome textSome textvvSome text</p>\r\n<p>Some textSome textSome textSome textSome textSome textSome textSome textSome textSome textSome textSome textSome textSome textSome textSome textSome textSome textSome textSome textSome textSome textSome textSome textSome textSome textSome textSome textSome textSome textSome textSome textSome textSome textSome textSome textSome textSome textSome textSome textSome textSome textvvSome text</p>'),(2,'Оплата и доставка','','',3,'<p>Some textSome textSome textSome textSome textSome textSome textSome textSome textSome textSome textSome textSome textSome textSome textSome textSome textSome textSome textSome textSome textSome textSome textSome textSome textSome textSome textSome textSome textSome textSome textSome textSome textSome textSome textSome textSome textSome textSome textSome textSome textSome textvvSome text</p>\r\n<p>Some textSome textSome textSome textSome textSome textSome textSome textSome textSome textSome textSome textSome textSome textSome textSome textSome textSome textSome textSome textSome textSome textSome textSome textSome textSome textSome textSome textSome textSome textSome textSome textSome textSome textSome textSome textSome textSome textSome textSome textSome textSome textvvSome text</p>'),(3,'Покупка в кредит','','',4,'<p>Some textSome textSome textSome textSome textSome textSome textSome textSome textSome textSome textSome textSome textSome textSome textSome textSome textSome textSome textSome textSome textSome textSome textSome textSome textSome textSome textSome textSome textSome textSome textSome textSome textSome textSome textSome textSome textSome textSome textSome textSome textSome textvvSome text</p>\r\n<p>Some textSome textSome textSome textSome textSome textSome textSome textSome textSome textSome textSome textSome textSome textSome textSome textSome textSome textSome textSome textSome textSome textSome textSome textSome textSome textSome textSome textSome textSome textSome textSome textSome textSome textSome textSome textSome textSome textSome textSome textSome textSome textvvSome text</p>'),(4,'Контакты','','',5,'<p>Some textSome textSome textSome textSome textSome textSome textSome textSome textSome textSome textSome textSome textSome textSome textSome textSome textSome textSome textSome textSome textSome textSome textSome textSome textSome textSome textSome textSome textSome textSome textSome textSome textSome textSome textSome textSome textSome textSome textSome textSome textSome textvvSome text</p>\r\n<p>Some textSome textSome textSome textSome textSome textSome textSome textSome textSome textSome textSome textSome textSome textSome textSome textSome textSome textSome textSome textSome textSome textSome textSome textSome textSome textSome textSome textSome textSome textSome textSome textSome textSome textSome textSome textSome textSome textSome textSome textSome textSome textvvSome text</p>');
/*!40000 ALTER TABLE `pages` ENABLE KEYS */;
UNLOCK TABLES;

--
-- Table structure for table `zakaz_tovar`
--

DROP TABLE IF EXISTS `zakaz_tovar`;
/*!40101 SET @saved_cs_client     = @@character_set_client */;
/*!40101 SET character_set_client = utf8 */;
CREATE TABLE `zakaz_tovar` (
  `zakaz_tovar_id` int(10) unsigned NOT NULL AUTO_INCREMENT,
  `orders_id` int(10) unsigned NOT NULL,
  `goods_id` int(10) unsigned NOT NULL,
  `quantity` tinyint(3) unsigned NOT NULL,
  PRIMARY KEY (`zakaz_tovar_id`)
) ENGINE=MyISAM AUTO_INCREMENT=30 DEFAULT CHARSET=utf8;
/*!40101 SET character_set_client = @saved_cs_client */;

--
-- Dumping data for table `zakaz_tovar`
--

LOCK TABLES `zakaz_tovar` WRITE;
/*!40000 ALTER TABLE `zakaz_tovar` DISABLE KEYS */;
INSERT INTO `zakaz_tovar` VALUES (4,3,11,2),(3,3,2,1),(5,4,3,1),(6,5,1,1),(7,5,10,1),(8,6,1,1),(9,6,12,1),(10,6,13,2),(11,7,11,1),(12,7,13,1),(14,9,10,1),(18,26,5,1),(17,25,4,2),(19,26,4,2),(20,27,3,1),(21,27,4,1),(22,28,4,1),(23,29,5,1),(24,29,4,1),(25,30,4,1),(26,31,3,1),(27,32,3,1),(28,32,4,1),(29,33,3,1);
/*!40000 ALTER TABLE `zakaz_tovar` ENABLE KEYS */;
UNLOCK TABLES;

--
-- Dumping routines for database 'test'
--
/*!40103 SET TIME_ZONE=@OLD_TIME_ZONE */;

/*!40101 SET SQL_MODE=@OLD_SQL_MODE */;
/*!40014 SET FOREIGN_KEY_CHECKS=@OLD_FOREIGN_KEY_CHECKS */;
/*!40014 SET UNIQUE_CHECKS=@OLD_UNIQUE_CHECKS */;
/*!40101 SET CHARACTER_SET_CLIENT=@OLD_CHARACTER_SET_CLIENT */;
/*!40101 SET CHARACTER_SET_RESULTS=@OLD_CHARACTER_SET_RESULTS */;
/*!40101 SET COLLATION_CONNECTION=@OLD_COLLATION_CONNECTION */;
/*!40111 SET SQL_NOTES=@OLD_SQL_NOTES */;

-- Dump completed on 2019-04-12  2:45:07
